# ************************************************************
# Sequel Pro SQL dump
# Version 4541
#
# http://www.sequelpro.com/
# https://github.com/sequelpro/sequelpro
#
# Host: 127.0.0.1 (MySQL 5.5.5-10.2.8-MariaDB)
# Database: api-passport
# Generation Time: 2019-01-01 08:52:15 +0000
# ************************************************************


/*!40101 SET @OLD_CHARACTER_SET_CLIENT=@@CHARACTER_SET_CLIENT */;
/*!40101 SET @OLD_CHARACTER_SET_RESULTS=@@CHARACTER_SET_RESULTS */;
/*!40101 SET @OLD_COLLATION_CONNECTION=@@COLLATION_CONNECTION */;
/*!40101 SET NAMES utf8 */;
/*!40014 SET @OLD_FOREIGN_KEY_CHECKS=@@FOREIGN_KEY_CHECKS, FOREIGN_KEY_CHECKS=0 */;
/*!40101 SET @OLD_SQL_MODE=@@SQL_MODE, SQL_MODE='NO_AUTO_VALUE_ON_ZERO' */;
/*!40111 SET @OLD_SQL_NOTES=@@SQL_NOTES, SQL_NOTES=0 */;


# Dump of table colors
# ------------------------------------------------------------

DROP TABLE IF EXISTS `colors`;

CREATE TABLE `colors` (
  `id` int(10) unsigned NOT NULL AUTO_INCREMENT,
  `name` varchar(255) COLLATE utf8mb4_unicode_ci NOT NULL,
  `active` tinyint(4) NOT NULL DEFAULT 1,
  `created_at` timestamp NULL DEFAULT NULL,
  `updated_at` timestamp NULL DEFAULT NULL,
  PRIMARY KEY (`id`)
) ENGINE=InnoDB DEFAULT CHARSET=utf8mb4 COLLATE=utf8mb4_unicode_ci;

LOCK TABLES `colors` WRITE;
/*!40000 ALTER TABLE `colors` DISABLE KEYS */;

INSERT INTO `colors` (`id`, `name`, `active`, `created_at`, `updated_at`)
VALUES
	(1,'BLACK',1,'2018-02-20 14:44:42','2018-02-20 14:44:42'),
	(2,'CHAMPAGNE GOLD',1,'2018-02-20 14:44:42','2018-02-20 14:44:42'),
	(3,'GOLD',1,'2018-02-20 14:44:42','2018-02-20 14:44:42'),
	(4,'GREY',1,'2018-02-20 14:44:42','2018-02-20 14:44:42'),
	(5,'SILVER',1,'2018-02-20 14:44:42','2018-02-20 14:44:42'),
	(6,'WHITE',1,'2018-02-20 14:44:42','2018-02-20 14:44:42'),
	(7,'BLUE',1,'2018-02-20 14:44:42','2018-02-20 14:44:42'),
	(8,'GRAY',1,'2018-02-20 14:44:42','2018-02-20 14:44:42'),
	(9,'GREY',1,'2018-02-20 14:44:42','2018-02-20 14:44:42'),
	(10,'MOCHA',1,'2018-02-20 14:44:42','2018-02-20 14:44:42'),
	(11,'MOCHA BROWN',1,'2018-02-20 14:44:42','2018-02-20 14:44:42');

/*!40000 ALTER TABLE `colors` ENABLE KEYS */;
UNLOCK TABLES;


# Dump of table dealers
# ------------------------------------------------------------

DROP TABLE IF EXISTS `dealers`;

CREATE TABLE `dealers` (
  `id` int(10) unsigned NOT NULL AUTO_INCREMENT,
  `name` varchar(255) COLLATE utf8mb4_unicode_ci NOT NULL,
  `active` tinyint(4) NOT NULL DEFAULT 1,
  `created_at` timestamp NULL DEFAULT NULL,
  `updated_at` timestamp NULL DEFAULT NULL,
  PRIMARY KEY (`id`)
) ENGINE=InnoDB DEFAULT CHARSET=utf8mb4 COLLATE=utf8mb4_unicode_ci;

LOCK TABLES `dealers` WRITE;
/*!40000 ALTER TABLE `dealers` DISABLE KEYS */;

INSERT INTO `dealers` (`id`, `name`, `active`, `created_at`, `updated_at`)
VALUES
	(1,'3G TELECOM',1,'2018-02-21 06:01:11','2018-02-21 06:01:11'),
	(2,'7BOX UP',1,'2018-02-21 06:01:11','2018-02-21 06:01:11'),
	(3,'8 MOBILE INC DUMAGUETE',1,'2018-02-21 06:01:11','2018-02-21 06:01:11'),
	(4,'8 MOBILE INC PALAWAN',1,'2018-02-21 06:01:11','2018-02-21 06:01:11'),
	(5,'8 TELECOM DAVAO',1,'2018-02-21 06:01:11','2018-02-21 06:01:11'),
	(6,'8MGM TRADING INC.',1,'2018-02-21 06:01:11','2018-02-21 06:01:11'),
	(7,'8TC ENTERPRISES',1,'2018-02-21 06:01:11','2018-02-21 06:01:11'),
	(8,'A & A MERCHANDISING',1,'2018-02-21 06:01:11','2018-02-21 06:01:11'),
	(9,'ACCENT HUB',1,'2018-02-21 06:01:11','2018-02-21 06:01:11'),
	(10,'ACCENT HUB BAGUIO',1,'2018-02-21 06:01:11','2018-02-21 06:01:11'),
	(11,'ACCENT HUB FESTIVAL',1,'2018-02-21 06:01:11','2018-02-21 06:01:11'),
	(12,'ACCENT HUB ORTIGAS',1,'2018-02-21 06:01:11','2018-02-21 06:01:11'),
	(13,'ACCENT MICRO PRODUCTS, I',1,'2018-02-21 06:01:11','2018-02-21 06:01:11'),
	(14,'ACCENT PLUS INC',1,'2018-02-21 06:01:11','2018-02-21 06:01:11'),
	(15,'ACCESS ONE',1,'2018-02-21 06:01:11','2018-02-21 06:01:11'),
	(16,'ACJ SAN LAZARO',1,'2018-02-21 06:01:11','2018-02-21 06:01:11'),
	(17,'ACX CELLSHOPPE STORE',1,'2018-02-21 06:01:11','2018-02-21 06:01:11'),
	(18,'ADI TELECOM',1,'2018-02-21 06:01:11','2018-02-21 06:01:11'),
	(19,'AEROPHONE CEBU',1,'2018-02-21 06:01:11','2018-02-21 06:01:11'),
	(20,'AEROPHONE MANILA',1,'2018-02-21 06:01:11','2018-02-21 06:01:11'),
	(21,'AFT TOY WORLD',1,'2018-02-21 06:01:11','2018-02-21 06:01:11'),
	(22,'ALDANA CELLPHONES',1,'2018-02-21 06:01:11','2018-02-21 06:01:11'),
	(23,'ALJON/TOJAN CELLSHOP',1,'2018-02-21 06:01:11','2018-02-21 06:01:11'),
	(24,'AMB COMMUNICATIONS',1,'2018-02-21 06:01:11','2018-02-21 06:01:11'),
	(25,'ANGTO HO BUSINESS CENTER',1,'2018-02-21 06:01:11','2018-02-21 06:01:11'),
	(26,'APOLLO COMMERCIAL TRADING',1,'2018-02-21 06:01:11','2018-02-21 06:01:11'),
	(27,'ARNET SELLPHONE AND ACCESSO',1,'2018-02-21 06:01:11','2018-02-21 06:01:11'),
	(28,'BANANA (PALAWAN) CASHEW GO',1,'2018-02-21 06:01:11','2018-02-21 06:01:11'),
	(29,'BANANA TELECOM',1,'2018-02-21 06:01:11','2018-02-21 06:01:11'),
	(30,'BANANA TELECOM CEBU',1,'2018-02-21 06:01:11','2018-02-21 06:01:11'),
	(31,'BCG',1,'2018-02-21 06:01:11','2018-02-21 06:01:11'),
	(32,'BENERSON ENTERPRISES / CONNEQS',1,'2018-02-21 06:01:11','2018-02-21 06:01:11'),
	(33,'BERLEIN ALIMALL',1,'2018-02-21 06:01:11','2018-02-21 06:01:11'),
	(34,'BERLEIN APALIT',1,'2018-02-21 06:01:11','2018-02-21 06:01:11'),
	(35,'BERLEIN FAIRVIEW',1,'2018-02-21 06:01:11','2018-02-21 06:01:11'),
	(36,'BERLEIN MOA',1,'2018-02-21 06:01:11','2018-02-21 06:01:11'),
	(37,'BERLEIN NORTH EDSA',1,'2018-02-21 06:01:11','2018-02-21 06:01:11'),
	(38,'BERLEIN PAMPANGA',1,'2018-02-21 06:01:11','2018-02-21 06:01:11'),
	(39,'BHZ CELLPHONE AND ACCESSORI',1,'2018-02-21 06:01:11','2018-02-21 06:01:11'),
	(40,'BINGKEE',1,'2018-02-21 06:01:11','2018-02-21 06:01:11'),
	(41,'BLUE BOX ENTERPRISES',1,'2018-02-21 06:01:11','2018-02-21 06:01:11'),
	(42,'BLUELITE',1,'2018-02-21 06:01:11','2018-02-21 06:01:11'),
	(43,'BLUELITE BICUTAN',1,'2018-02-21 06:01:11','2018-02-21 06:01:11'),
	(44,'BLUELITE MALL OF ASIA',1,'2018-02-21 06:01:11','2018-02-21 06:01:11'),
	(45,'BLUELITE MOA CONCEPT STR',1,'2018-02-21 06:01:11','2018-02-21 06:01:11'),
	(46,'BLUELITE SM FAIRVIEW CON',1,'2018-02-21 06:01:11','2018-02-21 06:01:11'),
	(47,'BNR CELLPHONE AND ACCESSOR',1,'2018-02-21 06:01:11','2018-02-21 06:01:11'),
	(48,'BOMA TECH',1,'2018-02-21 06:01:11','2018-02-21 06:01:11'),
	(49,'CALL PLUS',1,'2018-02-21 06:01:11','2018-02-21 06:01:11'),
	(50,'CAPARAL APPLIANCES & FURNIT',1,'2018-02-21 06:01:11','2018-02-21 06:01:11'),
	(51,'CELLCOM',1,'2018-02-21 06:01:11','2018-02-21 06:01:11'),
	(52,'CELLUCOM DEVICE CENTER',1,'2018-02-21 06:01:11','2018-02-21 06:01:11'),
	(53,'CELLWORKS',1,'2018-02-21 06:01:11','2018-02-21 06:01:11'),
	(54,'CELLWORLD',1,'2018-02-21 06:01:11','2018-02-21 06:01:11'),
	(55,'CELLZONE COMMUNICATION',1,'2018-02-21 06:01:11','2018-02-21 06:01:11'),
	(56,'CELROS CELLPHONE AND ACCESS',1,'2018-02-21 06:01:11','2018-02-21 06:01:11'),
	(57,'CHAIVER TELECOM',1,'2018-02-21 06:01:11','2018-02-21 06:01:11'),
	(58,'CHESTER HERRERA',1,'2018-02-21 06:01:11','2018-02-21 06:01:11'),
	(59,'CHRONOS CELLPHONE SHOP',1,'2018-02-21 06:01:11','2018-02-21 06:01:11'),
	(60,'CITY TELECOM',1,'2018-02-21 06:01:11','2018-02-21 06:01:11'),
	(61,'CITYLIGHT',1,'2018-02-21 06:01:11','2018-02-21 06:01:11'),
	(62,'COMWORKS',1,'2018-02-21 06:01:11','2018-02-21 06:01:11'),
	(63,'CONCEPT COMPUTER CENTER',1,'2018-02-21 06:01:11','2018-02-21 06:01:11'),
	(64,'COSMIC TECHNOLOGIES',1,'2018-02-21 06:01:11','2018-02-21 06:01:11'),
	(65,'COUNTRY SHOPPE CELLPHONE & ACC',1,'2018-02-21 06:01:11','2018-02-21 06:01:11'),
	(66,'CY7 CELLPHONE AND ACCESSORI',1,'2018-02-21 06:01:11','2018-02-21 06:01:11'),
	(67,'CYBERSTAR',1,'2018-02-21 06:01:11','2018-02-21 06:01:11'),
	(68,'CYBERTAB SM CALAMBA',1,'2018-02-21 06:01:11','2018-02-21 06:01:11'),
	(69,'CYBERTAB SM FAIRVIEW',1,'2018-02-21 06:01:11','2018-02-21 06:01:11'),
	(70,'CYBERTAB SM NORTH',1,'2018-02-21 06:01:11','2018-02-21 06:01:11'),
	(71,'CYBERTAB SM STA ROSA',1,'2018-02-21 06:01:11','2018-02-21 06:01:11'),
	(72,'CYBERWIDGET SM MOA',1,'2018-02-21 06:01:11','2018-02-21 06:01:11'),
	(73,'CYBERWIDGET SM ROSARIO',1,'2018-02-21 06:01:11','2018-02-21 06:01:11'),
	(74,'D SUPER 88/TELEGO',1,'2018-02-21 06:01:11','2018-02-21 06:01:11'),
	(75,'D\' CELL CITY',1,'2018-02-21 06:01:11','2018-02-21 06:01:11'),
	(76,'DAET CELLCITY AND GENERA',1,'2018-02-21 06:01:11','2018-02-21 06:01:11'),
	(77,'DG PHONE/GARBES TRADING CORP',1,'2018-02-21 06:01:11','2018-02-21 06:01:11'),
	(78,'DIGITAL MOBILE ENGINE GR',1,'2018-02-21 06:01:11','2018-02-21 06:01:11'),
	(79,'DIGITAL XY CELLPHONE SHOP',1,'2018-02-21 06:01:11','2018-02-21 06:01:11'),
	(80,'E PHONE',1,'2018-02-21 06:01:11','2018-02-21 06:01:11'),
	(81,'EASY ACCESS',1,'2018-02-21 06:01:11','2018-02-21 06:01:11'),
	(82,'EC PANDA CITY TECHNOLOGIES INC',1,'2018-02-21 06:01:11','2018-02-21 06:01:11'),
	(83,'EMBASSY OF CHINA',1,'2018-02-21 06:01:11','2018-02-21 06:01:11'),
	(84,'ESQUIRETECH CORP.',1,'2018-02-21 06:01:11','2018-02-21 06:01:11'),
	(85,'FLASHER NEXT GENERATION CORP',1,'2018-02-21 06:01:11','2018-02-21 06:01:11'),
	(86,'FLEXIFONE/REXTICO BOROMEO',1,'2018-02-21 06:01:11','2018-02-21 06:01:11'),
	(87,'FONE STYLE ACCESSORIES',1,'2018-02-21 06:01:11','2018-02-21 06:01:11'),
	(88,'FONERANGE',1,'2018-02-21 06:01:11','2018-02-21 06:01:11'),
	(89,'G2 TELECOM',1,'2018-02-21 06:01:11','2018-02-21 06:01:11'),
	(90,'GADGETS & GEAR PH',1,'2018-02-21 06:01:11','2018-02-21 06:01:11'),
	(91,'GALLEON ENTERPRISES',1,'2018-02-21 06:01:11','2018-02-21 06:01:11'),
	(92,'GC APPLIANCE CENTRUM',1,'2018-02-21 06:01:11','2018-02-21 06:01:11'),
	(93,'GIAS CELLPHONE AND ACCESSOR',1,'2018-02-21 06:01:11','2018-02-21 06:01:11'),
	(94,'GIGAHERTZ COMPUTER SYSTEM',1,'2018-02-21 06:01:11','2018-02-21 06:01:11'),
	(95,'GR8 FASHION VENTURES (FASH',1,'2018-02-21 06:01:11','2018-02-21 06:01:11'),
	(96,'GREEN COUNTY MERCHANDISING',1,'2018-02-21 06:01:11','2018-02-21 06:01:11'),
	(97,'GREENTELE COM',1,'2018-02-21 06:01:11','2018-02-21 06:01:11'),
	(98,'GUANZON MDSG',1,'2018-02-21 06:01:11','2018-02-21 06:01:11'),
	(99,'HAITEKU DIGITAL VILLAGE,INC',1,'2018-02-21 06:01:11','2018-02-21 06:01:11'),
	(100,'HEXACOM ENTERPRISES',1,'2018-02-21 06:01:11','2018-02-21 06:01:11'),
	(101,'HIGHLAND CELLPHONE SHOP',1,'2018-02-21 06:01:11','2018-02-21 06:01:11'),
	(102,'HONG BE TRADING (TABLET CITY)',1,'2018-02-21 06:01:11','2018-02-21 06:01:11'),
	(103,'HONG WO TECH INC',1,'2018-02-21 06:01:11','2018-02-21 06:01:11'),
	(104,'HUAWEI TECHNOLOGIES',1,'2018-02-21 06:01:11','2018-02-21 06:01:11'),
	(105,'I GIZMO',1,'2018-02-21 06:01:11','2018-02-21 06:01:11'),
	(106,'INFINITE PHONE ACCESS',1,'2018-02-21 06:01:11','2018-02-21 06:01:11'),
	(107,'INFONEC',1,'2018-02-21 06:01:11','2018-02-21 06:01:11'),
	(108,'INFONEC ALABANG',1,'2018-02-21 06:01:11','2018-02-21 06:01:11'),
	(109,'INFONEC STA LUCIA',1,'2018-02-21 06:01:11','2018-02-21 06:01:11'),
	(110,'INNOVASIA MARKETING',1,'2018-02-21 06:01:11','2018-02-21 06:01:11'),
	(111,'ISLAND MOBILE TRADING',1,'2018-02-21 06:01:11','2018-02-21 06:01:11'),
	(112,'J9NTEL MARKETING',1,'2018-02-21 06:01:11','2018-02-21 06:01:11'),
	(113,'JAMES INNOVATION',1,'2018-02-21 06:01:11','2018-02-21 06:01:11'),
	(114,'JANESKIE CELLPHONE AND ACCE',1,'2018-02-21 06:01:11','2018-02-21 06:01:11'),
	(115,'JARS CELLULAR PHONES AND AC',1,'2018-02-21 06:01:11','2018-02-21 06:01:11'),
	(116,'JEJ CELLMANIA',1,'2018-02-21 06:01:11','2018-02-21 06:01:11'),
	(117,'JEYBII FONEZONE',1,'2018-02-21 06:01:11','2018-02-21 06:01:11'),
	(118,'JMB ALBAY GADGETS',1,'2018-02-21 06:01:11','2018-02-21 06:01:11'),
	(119,'JS MOBILE CARE',1,'2018-02-21 06:01:11','2018-02-21 06:01:11'),
	(120,'JSL CELLPHONE ACCESSORIES',1,'2018-02-21 06:01:11','2018-02-21 06:01:11'),
	(121,'JUN PONCE BACOLOD',1,'2018-02-21 06:01:11','2018-02-21 06:01:11'),
	(122,'JUNLIZ CELLPHONE AND ACCES',1,'2018-02-21 06:01:11','2018-02-21 06:01:11'),
	(123,'JV SHOP AND SHOP',1,'2018-02-21 06:01:11','2018-02-21 06:01:11'),
	(124,'K EIGHT TELECOM',1,'2018-02-21 06:01:11','2018-02-21 06:01:11'),
	(125,'KEVIN JEFF CELLPHONE ACC AND G',1,'2018-02-21 06:01:11','2018-02-21 06:01:11'),
	(126,'KOKS',1,'2018-02-21 06:01:11','2018-02-21 06:01:11'),
	(127,'KYLA CELLPHONE AND ACCESSO',1,'2018-02-21 06:01:11','2018-02-21 06:01:11'),
	(128,'LAJ MOBILE HUB',1,'2018-02-21 06:01:11','2018-02-21 06:01:11'),
	(129,'LAWIN LIMA INC',1,'2018-02-21 06:01:11','2018-02-21 06:01:11'),
	(130,'LEINHELS CELLPHONE AND ACCE',1,'2018-02-21 06:01:11','2018-02-21 06:01:11'),
	(131,'LEINHELS CELLPHONE AND ACCESSORIES',1,'2018-02-21 06:01:11','2018-02-21 06:01:11'),
	(132,'LIWAYWAY MARKETING CORP',1,'2018-02-21 06:01:11','2018-02-21 06:01:11'),
	(133,'LOD TELECOM',1,'2018-02-21 06:01:11','2018-02-21 06:01:11'),
	(134,'MANIEGO\'S GENERAL MERCHAND',1,'2018-02-21 06:01:11','2018-02-21 06:01:11'),
	(135,'MANILA BULLETIN',1,'2018-02-21 06:01:11','2018-02-21 06:01:11'),
	(136,'MCFASOLVER TECH CENTRALE',1,'2018-02-21 06:01:11','2018-02-21 06:01:11'),
	(137,'MCNARDS ENTERPRISES',1,'2018-02-21 06:01:11','2018-02-21 06:01:11'),
	(138,'MEC NETWORKS CORP.',1,'2018-02-21 06:01:11','2018-02-21 06:01:11'),
	(139,'MEETROVI MOBILE SHOP',1,'2018-02-21 06:01:11','2018-02-21 06:01:11'),
	(140,'MEGACELL ',1,'2018-02-21 06:01:11','2018-02-21 06:01:11'),
	(141,'MEGAPIXEL MARKETING',1,'2018-02-21 06:01:11','2018-02-21 06:01:11'),
	(142,'MEGAWELL VENTURES AND RESO',1,'2018-02-21 06:01:11','2018-02-21 06:01:11'),
	(143,'MEMO EXPRESS',1,'2018-02-21 06:01:11','2018-02-21 06:01:11'),
	(144,'METRO DAET CELLCITY AND GENERA',1,'2018-02-21 06:01:11','2018-02-21 06:01:11'),
	(145,'MIKE DEPT. STORE',1,'2018-02-21 06:01:11','2018-02-21 06:01:11'),
	(146,'MIKROCELL',1,'2018-02-21 06:01:11','2018-02-21 06:01:11'),
	(147,'MILLINGTON TELECOM CENTER',1,'2018-02-21 06:01:11','2018-02-21 06:01:11'),
	(148,'MOBILE ELEMENTS',1,'2018-02-21 06:01:11','2018-02-21 06:01:11'),
	(149,'MOBILE MATTERS',1,'2018-02-21 06:01:11','2018-02-21 06:01:11'),
	(150,'MOBILE NETWORK',1,'2018-02-21 06:01:11','2018-02-21 06:01:11'),
	(151,'MOBILE WORKS',1,'2018-02-21 06:01:11','2018-02-21 06:01:11'),
	(152,'MOUNTAIN STUDIO',1,'2018-02-21 06:01:11','2018-02-21 06:01:11'),
	(153,'NAVILLE LIM',1,'2018-02-21 06:01:11','2018-02-21 06:01:11'),
	(154,'NEW INNOVATION',1,'2018-02-21 06:01:11','2018-02-21 06:01:11'),
	(155,'OGILVY AND MATHER PHILS',1,'2018-02-21 06:01:11','2018-02-21 06:01:11'),
	(156,'OJIE CELLFONE SHOP',1,'2018-02-21 06:01:11','2018-02-21 06:01:11'),
	(157,'OMG GADGETS & GIZMO',1,'2018-02-21 06:01:11','2018-02-21 06:01:11'),
	(158,'ONE-ONE EIGHT MARKETING',1,'2018-02-21 06:01:11','2018-02-21 06:01:11'),
	(159,'ORANGECOM',1,'2018-02-21 06:01:11','2018-02-21 06:01:11'),
	(160,'ORO GRAPHICS',1,'2018-02-21 06:01:11','2018-02-21 06:01:11'),
	(161,'PC CARTEL',1,'2018-02-21 06:01:11','2018-02-21 06:01:11'),
	(162,'PERFECTCOM',1,'2018-02-21 06:01:11','2018-02-21 06:01:11'),
	(163,'PICK AND CARRY SALES DIST',1,'2018-02-21 06:01:11','2018-02-21 06:01:11'),
	(164,'PLAY TELECOM',1,'2018-02-21 06:01:11','2018-02-21 06:01:11'),
	(165,'POWER PREMIUM',1,'2018-02-21 06:01:11','2018-02-21 06:01:11'),
	(166,'POWER PREMIUM GROUP',1,'2018-02-21 06:01:11','2018-02-21 06:01:11'),
	(167,'POWER PREMIUM GROUP LCTM',1,'2018-02-21 06:01:11','2018-02-21 06:01:11'),
	(168,'POWER TAB MOA',1,'2018-02-21 06:01:11','2018-02-21 06:01:11'),
	(169,'PRESNET',1,'2018-02-21 06:01:11','2018-02-21 06:01:11'),
	(170,'Q SOLUTIONS COMPUTER SUPPL',1,'2018-02-21 06:01:11','2018-02-21 06:01:11'),
	(171,'QUBELINK',1,'2018-02-21 06:01:11','2018-02-21 06:01:11'),
	(172,'RC GOLDLINE/ CHRISTIAN P',1,'2018-02-21 06:01:11','2018-02-21 06:01:11'),
	(173,'REDHEE GENTEXT TELECOM',1,'2018-02-21 06:01:11','2018-02-21 06:01:11'),
	(174,'RULL CEBU',1,'2018-02-21 06:01:11','2018-02-21 06:01:11'),
	(175,'RULL MANILA',1,'2018-02-21 06:01:11','2018-02-21 06:01:11'),
	(176,'SAMPAGUITA DEPARTMENT STORE',1,'2018-02-21 06:01:11','2018-02-21 06:01:11'),
	(177,'SAN LAZARO',1,'2018-02-21 06:01:11','2018-02-21 06:01:11'),
	(178,'SAVE N\' EARN',1,'2018-02-21 06:01:11','2018-02-21 06:01:11'),
	(179,'SHOPPER\'S MART / HENRY A',1,'2018-02-21 06:01:11','2018-02-21 06:01:11'),
	(180,'SHOPPER\'S MART / HENRY ANG',1,'2018-02-21 06:01:11','2018-02-21 06:01:11'),
	(181,'SILICON VALLEY COM GROUP P',1,'2018-02-21 06:01:11','2018-02-21 06:01:11'),
	(182,'SILICON VALLEY COM GROUP PHILS INC.',1,'2018-02-21 06:01:11','2018-02-21 06:01:11'),
	(183,'SIRLANCE ENTERPRISES',1,'2018-02-21 06:01:11','2018-02-21 06:01:11'),
	(184,'SIXTH SENSE INTERGRATED M',1,'2018-02-21 06:01:11','2018-02-21 06:01:11'),
	(185,'SJAV ENTERPRISES',1,'2018-02-21 06:01:11','2018-02-21 06:01:11'),
	(186,'SKY WAVES TELECOM',1,'2018-02-21 06:01:11','2018-02-21 06:01:11'),
	(187,'SKYTECH',1,'2018-02-21 06:01:11','2018-02-21 06:01:11'),
	(188,'SOLID ALLEGIANCE',1,'2018-02-21 06:01:11','2018-02-21 06:01:11'),
	(189,'SPARK TELECOM ANTIQUE',1,'2018-02-21 06:01:11','2018-02-21 06:01:11'),
	(190,'SPARK TELECOM KALIBO/ROXAS',1,'2018-02-21 06:01:11','2018-02-21 06:01:11'),
	(191,'STROM MOBILE',1,'2018-02-21 06:01:11','2018-02-21 06:01:11'),
	(192,'STROM MOBILE FAIRVIEW',1,'2018-02-21 06:01:11','2018-02-21 06:01:11'),
	(193,'STROM MOBILE MARIKINA',1,'2018-02-21 06:01:11','2018-02-21 06:01:11'),
	(194,'STROM MOBILE MOA',1,'2018-02-21 06:01:11','2018-02-21 06:01:11'),
	(195,'STROM MOBILE NORTH EDSA',1,'2018-02-21 06:01:11','2018-02-21 06:01:11'),
	(196,'T&J CELLPHONE AND ACCESSORI',1,'2018-02-21 06:01:11','2018-02-21 06:01:11'),
	(197,'TECHBOX',1,'2018-02-21 06:01:11','2018-02-21 06:01:11'),
	(198,'TECHBOX GADGETS AND ACCESSO',1,'2018-02-21 06:01:11','2018-02-21 06:01:11'),
	(199,'TECHMIX COMPUTERS AND GADGE',1,'2018-02-21 06:01:11','2018-02-21 06:01:11'),
	(200,'TECHNO FAI',1,'2018-02-21 06:01:11','2018-02-21 06:01:11'),
	(201,'TECHNO MOBILE/RICHMOND S',1,'2018-02-21 06:01:11','2018-02-21 06:01:11'),
	(202,'TEKPONE',1,'2018-02-21 06:01:11','2018-02-21 06:01:11'),
	(203,'THINKING TOOLS',1,'2018-02-21 06:01:11','2018-02-21 06:01:11'),
	(204,'TIONGSAN',1,'2018-02-21 06:01:11','2018-02-21 06:01:11'),
	(205,'TOEI',1,'2018-02-21 06:01:11','2018-02-21 06:01:11'),
	(206,'TOWN KLART VARIETY STORE',1,'2018-02-21 06:01:11','2018-02-21 06:01:11'),
	(207,'TRB TRADING',1,'2018-02-21 06:01:11','2018-02-21 06:01:11'),
	(208,'UNICEL COMMUNICATION',1,'2018-02-21 06:01:11','2018-02-21 06:01:11'),
	(209,'UNITED ASIA AUTOMOTIVE G',1,'2018-02-21 06:01:11','2018-02-21 06:01:11'),
	(210,'UPGRADE.COM MOBILE AND ACC',1,'2018-02-21 06:01:11','2018-02-21 06:01:11'),
	(211,'V TECH',1,'2018-02-21 06:01:11','2018-02-21 06:01:11'),
	(212,'VERTEX',1,'2018-02-21 06:01:11','2018-02-21 06:01:11'),
	(213,'VETTORE ENTERPRISES INC',1,'2018-02-21 06:01:11','2018-02-21 06:01:11'),
	(214,'VIEWERS SM LIPA',1,'2018-02-21 06:01:11','2018-02-21 06:01:11'),
	(215,'VIEWERS TELECOM',1,'2018-02-21 06:01:11','2018-02-21 06:01:11'),
	(216,'VILLMAN COMPUTERS, INC',1,'2018-02-21 06:01:11','2018-02-21 06:01:11'),
	(217,'VIRAC CELLCITY',1,'2018-02-21 06:01:11','2018-02-21 06:01:11'),
	(218,'VIRTUALGEN TRADING CORP',1,'2018-02-21 06:01:11','2018-02-21 06:01:11'),
	(219,'W-PLUS ELECTRONIC TRADING',1,'2018-02-21 06:01:11','2018-02-21 06:01:11'),
	(220,'WILLGAIN',1,'2018-02-21 06:01:11','2018-02-21 06:01:11'),
	(221,'WOW MOBILE / ALLAN CUA',1,'2018-02-21 06:01:11','2018-02-21 06:01:11'),
	(222,'Y TELECOM',1,'2018-02-21 06:01:11','2018-02-21 06:01:11'),
	(223,'YLK CELLPHONE ACCESSORIES',1,'2018-02-21 06:01:11','2018-02-21 06:01:11'),
	(224,'YO MOBILE',1,'2018-02-21 06:01:11','2018-02-21 06:01:11'),
	(225,'YUNLIANG MARKETING',1,'2018-02-21 06:01:11','2018-02-21 06:01:11'),
	(226,'ZEALTEXT TRADING',1,'2018-02-21 06:01:11','2018-02-21 06:01:11'),
	(227,'ZEDRICK CELLSHOP',1,'2018-02-21 06:01:11','2018-02-21 06:01:11'),
	(228,'ZENAR TELECOM',1,'2018-02-21 06:01:11','2018-02-21 06:01:11'),
	(229,'ZERO PLUS',1,'2018-02-21 06:01:11','2018-02-21 06:01:11');

/*!40000 ALTER TABLE `dealers` ENABLE KEYS */;
UNLOCK TABLES;


# Dump of table migrations
# ------------------------------------------------------------

DROP TABLE IF EXISTS `migrations`;

CREATE TABLE `migrations` (
  `id` int(10) unsigned NOT NULL AUTO_INCREMENT,
  `migration` varchar(255) COLLATE utf8mb4_unicode_ci NOT NULL,
  `batch` int(11) NOT NULL,
  PRIMARY KEY (`id`)
) ENGINE=InnoDB DEFAULT CHARSET=utf8mb4 COLLATE=utf8mb4_unicode_ci;

LOCK TABLES `migrations` WRITE;
/*!40000 ALTER TABLE `migrations` DISABLE KEYS */;

INSERT INTO `migrations` (`id`, `migration`, `batch`)
VALUES
	(1,'2014_10_12_000000_create_users_table',1),
	(2,'2014_10_12_100000_create_password_resets_table',1),
	(3,'2016_06_01_000001_create_oauth_auth_codes_table',1),
	(4,'2016_06_01_000002_create_oauth_access_tokens_table',1),
	(5,'2016_06_01_000003_create_oauth_refresh_tokens_table',1),
	(6,'2016_06_01_000004_create_oauth_clients_table',1),
	(7,'2016_06_01_000005_create_oauth_personal_access_clients_table',1),
	(8,'2017_11_22_145535_create_table_store',1),
	(9,'2017_11_22_150113_create_table_store_visibilities',1),
	(10,'2017_12_10_053553_create_table_roles',1),
	(12,'2018_02_13_101408_AddStoreDetails',2),
	(14,'2018_02_19_134155_CreateSelectionsTable',3),
	(15,'2018_02_20_000129_CreateSalesTable',4),
	(26,'2018_02_20_132816_CreateDealerTable',5),
	(27,'2018_02_20_133008_CreateWeekTable',5),
	(28,'2018_02_20_133040_CreateModelTable',5),
	(29,'2018_02_20_133050_CreateColorTable',5),
	(30,'2018_02_20_133059_CreateRegionTable',5),
	(31,'2018_02_20_151149_AlterSalesTable',6),
	(34,'2018_09_29_093737_add_column_last_login_user',7),
	(35,'2018_09_29_095500_add_column_is_active__user',7),
	(36,'2018_10_02_121430_add_column_active_store_table',8);

/*!40000 ALTER TABLE `migrations` ENABLE KEYS */;
UNLOCK TABLES;


# Dump of table models
# ------------------------------------------------------------

DROP TABLE IF EXISTS `models`;

CREATE TABLE `models` (
  `id` int(10) unsigned NOT NULL AUTO_INCREMENT,
  `name` varchar(255) COLLATE utf8mb4_unicode_ci NOT NULL,
  `active` tinyint(4) NOT NULL DEFAULT 1,
  `created_at` timestamp NULL DEFAULT NULL,
  `updated_at` timestamp NULL DEFAULT NULL,
  PRIMARY KEY (`id`)
) ENGINE=InnoDB DEFAULT CHARSET=utf8mb4 COLLATE=utf8mb4_unicode_ci;

LOCK TABLES `models` WRITE;
/*!40000 ALTER TABLE `models` DISABLE KEYS */;

INSERT INTO `models` (`id`, `name`, `active`, `created_at`, `updated_at`)
VALUES
	(1,'B315',1,'2018-02-20 14:44:42','2018-02-20 14:44:42'),
	(2,'E5330Cs',1,'2018-02-20 14:44:42','2018-02-20 14:44:42'),
	(3,'E5336 ',1,'2018-02-20 14:44:42','2018-02-20 14:44:42'),
	(4,'E5573s ',1,'2018-02-20 14:44:42','2018-02-20 14:44:42'),
	(5,'G510',1,'2018-02-20 14:44:42','2018-02-20 14:44:42'),
	(6,'G630 ',1,'2018-02-20 14:44:42','2018-02-20 14:44:42'),
	(7,'2017',1,'2018-02-20 14:44:42','2018-02-20 14:44:42'),
	(8,'2017',1,'2018-02-20 14:44:42','2018-02-20 14:44:42'),
	(9,'4C',1,'2018-02-20 14:44:42','2018-02-20 14:44:42'),
	(10,'PRO',1,'2018-02-20 14:44:42','2018-02-20 14:44:42'),
	(11,'M2 ',1,'2018-02-20 14:44:42','2018-02-20 14:44:42'),
	(12,'M3',1,'2018-02-20 14:44:42','2018-02-20 14:44:42'),
	(13,'LITE',1,'2018-02-20 14:44:42','2018-02-20 14:44:42'),
	(14,'10',1,'2018-02-20 14:44:42','2018-02-20 14:44:42'),
	(15,'PRO',1,'2018-02-20 14:44:42','2018-02-20 14:44:42'),
	(16,'9',1,'2018-02-20 14:44:42','2018-02-20 14:44:42'),
	(17,'S',1,'2018-02-20 14:44:42','2018-02-20 14:44:42'),
	(18,'X1',1,'2018-02-20 14:44:42','2018-02-20 14:44:42'),
	(19,'MT8 ',1,'2018-02-20 14:44:42','2018-02-20 14:44:42'),
	(20,'6P ',1,'2018-02-20 14:44:42','2018-02-20 14:44:42'),
	(21,'2i',1,'2018-02-20 14:44:42','2018-02-20 14:44:42'),
	(22,'P10',1,'2018-02-20 14:44:42','2018-02-20 14:44:42'),
	(23,'PLUS',1,'2018-02-20 14:44:42','2018-02-20 14:44:42'),
	(24,'P2 ',1,'2018-02-20 14:44:42','2018-02-20 14:44:42'),
	(25,'P7 ',1,'2018-02-20 14:44:42','2018-02-20 14:44:42'),
	(26,'P8 ',1,'2018-02-20 14:44:42','2018-02-20 14:44:42'),
	(27,'T1 ',1,'2018-02-20 14:44:42','2018-02-20 14:44:42'),
	(28,'T1PLUS ',1,'2018-02-20 14:44:42','2018-02-20 14:44:42'),
	(29,'T2',1,'2018-02-20 14:44:42','2018-02-20 14:44:42'),
	(30,'T3',1,'2018-02-20 14:44:42','2018-02-20 14:44:42'),
	(31,'Y210D',1,'2018-02-20 14:44:42','2018-02-20 14:44:42'),
	(32,'Y220',1,'2018-02-20 14:44:42','2018-02-20 14:44:42'),
	(33,'Y3 ',1,'2018-02-20 14:44:42','2018-02-20 14:44:42'),
	(34,'Y5 ',1,'2018-02-20 14:44:42','2018-02-20 14:44:42'),
	(35,'2017',1,'2018-02-20 14:44:42','2018-02-20 14:44:42'),
	(36,'II ',1,'2018-02-20 14:44:42','2018-02-20 14:44:42'),
	(37,'II',1,'2018-02-20 14:44:42','2018-02-20 14:44:42'),
	(38,'PRIME',1,'2018-02-20 14:44:42','2018-02-20 14:44:42');

/*!40000 ALTER TABLE `models` ENABLE KEYS */;
UNLOCK TABLES;


# Dump of table oauth_access_tokens
# ------------------------------------------------------------

DROP TABLE IF EXISTS `oauth_access_tokens`;

CREATE TABLE `oauth_access_tokens` (
  `id` varchar(100) COLLATE utf8mb4_unicode_ci NOT NULL,
  `user_id` int(11) DEFAULT NULL,
  `client_id` int(11) NOT NULL,
  `name` varchar(255) COLLATE utf8mb4_unicode_ci DEFAULT NULL,
  `scopes` text COLLATE utf8mb4_unicode_ci DEFAULT NULL,
  `revoked` tinyint(1) NOT NULL,
  `created_at` timestamp NULL DEFAULT NULL,
  `updated_at` timestamp NULL DEFAULT NULL,
  `expires_at` datetime DEFAULT NULL,
  PRIMARY KEY (`id`),
  KEY `oauth_access_tokens_user_id_index` (`user_id`)
) ENGINE=InnoDB DEFAULT CHARSET=utf8mb4 COLLATE=utf8mb4_unicode_ci;

LOCK TABLES `oauth_access_tokens` WRITE;
/*!40000 ALTER TABLE `oauth_access_tokens` DISABLE KEYS */;

INSERT INTO `oauth_access_tokens` (`id`, `user_id`, `client_id`, `name`, `scopes`, `revoked`, `created_at`, `updated_at`, `expires_at`)
VALUES
	('082172836d28dab27185dd2e38bbe8ac9665f1e72cad36ce46df1d917bc5629b48720f11d3a67e5a',1,2,NULL,'[\"*\"]',0,'2018-10-07 07:23:25','2018-10-07 07:23:25','2019-10-07 07:23:25'),
	('15dc78fb9c5a4a6425086e897749914fe20113613d4cb17cb1d3c69abe9545f0ce20239d88a40674',1,2,NULL,'[\"*\"]',0,'2018-10-07 06:46:34','2018-10-07 06:46:34','2019-10-07 06:46:34'),
	('195bd72897de0de5c31868139733a47667aaa415ba87806a591f20439920a17f42dd815e1da05795',1,2,NULL,'[\"*\"]',0,'2018-10-07 07:23:30','2018-10-07 07:23:30','2019-10-07 07:23:30'),
	('1fb45fbdf8e2a8eb2a681b288ec14de3940ee24130a4ea04106d824e7c795367420285832950c200',1,2,NULL,'[\"*\"]',0,'2018-10-06 08:14:46','2018-10-06 08:14:46','2019-10-06 08:14:46'),
	('2af7a333459b213ce6694d79a3bfe462169f25d93ea7a64cb4219a1c4fa7ee82fca2c9e73b63dbf0',1,2,NULL,'[\"*\"]',0,'2018-10-06 08:07:28','2018-10-06 08:07:28','2019-10-06 08:07:28'),
	('2eeb06412ce634156328da590a36762adf046169f574b8652517a21982e1800547ad8cd897b20edf',1,2,NULL,'[\"*\"]',0,'2018-10-06 13:36:39','2018-10-06 13:36:39','2019-10-06 13:36:39'),
	('2f867e5d7ec1fb77da6ba3e92f97e172862b0d147f038b8fcf99d25d9b75e0176d739e670d428dc4',1,2,NULL,'[\"*\"]',0,'2018-09-30 10:10:16','2018-09-30 10:10:16','2019-09-30 10:10:16'),
	('3b39c7d289ef12206976f847cbfb1e331afa99a15c7a980b771fd8f863cd71ec7066ee6d2af11f53',1,2,NULL,'[\"*\"]',0,'2018-09-30 08:15:02','2018-09-30 08:15:02','2019-09-30 08:15:02'),
	('4a3cf8eb60664dcd31b536255f966b1fab973e17538e20fb4cb41ce89ec2791339fff5aadb70f378',1,2,NULL,'[\"*\"]',0,'2018-10-07 06:46:11','2018-10-07 06:46:11','2019-10-07 06:46:11'),
	('4b5b7914c5008d3768a5ad9deaf0b3b65a3079cd773ce897aeaba0d0f469fecceb8e7bfde39d435c',1,2,NULL,'[\"*\"]',0,'2018-10-06 13:59:41','2018-10-06 13:59:41','2019-10-06 13:59:41'),
	('4e01226e0c577d49f6ff7b60e17003ce478f1f9b057f434ec5965e5f2b7a28a2372ea7fe66a04c97',1,2,NULL,'[\"*\"]',0,'2018-10-06 14:06:33','2018-10-06 14:06:33','2019-10-06 14:06:33'),
	('4e334a7b8905ab947360d74e8d64af9cea49b9533192757d8d91e09c50f294c41f949ab15bda54fe',1,2,NULL,'[\"*\"]',0,'2018-10-07 06:59:06','2018-10-07 06:59:06','2019-10-07 06:59:06'),
	('4ec53fe1ec718311cd57a7f4a5de276f4b95b87369d6f7c6623a9e9bb6deeaffccdda7dee3f143f3',1,2,NULL,'[\"*\"]',0,'2018-10-06 13:35:23','2018-10-06 13:35:23','2019-10-06 13:35:23'),
	('5224b3b32ee6f2726c1fa1af4410983fa45cc7883ab2faf0ff59d5fec45a6f2b7663ce5896cc50e0',1,2,NULL,'[\"*\"]',0,'2018-10-06 13:28:47','2018-10-06 13:28:47','2019-10-06 13:28:47'),
	('56b2889d50d53644ceced26c8341d38c10ece607c3fba170443f7755c81339d0e1e4f5071d30c603',1,2,NULL,'[\"*\"]',0,'2018-10-06 08:56:28','2018-10-06 08:56:28','2019-10-06 08:56:28'),
	('5a8ab3163ab2491ec4194fd56466558a90bf2aef2eca3dbd1b7b4ac3f064d60d90406077eec9550f',1,2,NULL,'[\"*\"]',0,'2018-10-04 11:42:42','2018-10-04 11:42:42','2019-10-04 11:42:42'),
	('6abb0a5ccb63c594299174f6704121893eaea2a8516f476b90f1e24516453e453e74f3dff7e4d1bc',1,2,NULL,'[\"*\"]',0,'2018-10-09 12:20:18','2018-10-09 12:20:18','2019-10-09 12:20:18'),
	('7c1a99fa94ee5f96a00d95e7ff61de2cd17ce4087750e81821a97d398ee999179aecab05bd182437',1,2,NULL,'[\"*\"]',0,'2018-10-07 06:46:53','2018-10-07 06:46:53','2019-10-07 06:46:53'),
	('811ce5c8e80721e1239760fcf89a4896c21746f9c3188ea1a2508bad8ec90dfab706c98522df06f0',1,2,NULL,'[\"*\"]',0,'2018-10-07 07:23:35','2018-10-07 07:23:35','2019-10-07 07:23:35'),
	('8d68b64069bb2732cb54b0cef1e1bd5e51813743bb219e780cef3f199080aecad06cdf89f3042338',1,2,NULL,'[\"*\"]',0,'2018-10-09 11:31:38','2018-10-09 11:31:38','2019-10-09 11:31:38'),
	('a237999a3ef3bf16c1697d8ab7af4adde560f25b59cfead76ca81ba8bc667797d4edf1e5c1cb44f7',1,2,NULL,'[\"*\"]',0,'2018-10-07 13:48:40','2018-10-07 13:48:40','2019-10-07 13:48:40'),
	('ba13ab26272612ae8e47c88764a0d3ab5c0fada129165faa2cd12fe142f1fb74dae79af70e3642f3',1,2,NULL,'[\"*\"]',0,'2018-10-09 12:20:47','2018-10-09 12:20:47','2019-10-09 12:20:47'),
	('bbd5183981d42d37f0071c8e12e3762b2b7061b02ba7894052a98410b0ed45dab85d28b1937f12f1',1,2,NULL,'[\"*\"]',0,'2018-10-07 07:23:29','2018-10-07 07:23:29','2019-10-07 07:23:29'),
	('c2d0bdb3cd2ccd09a393f6fc5a8c5eb6fd2dc47a84e219422ad6e53476b55dc8ad1549e2f324ccea',1,2,NULL,'[\"*\"]',0,'2018-09-30 09:40:21','2018-09-30 09:40:21','2019-09-30 09:40:21'),
	('cfb8bd56debda769c8ffb483af285a7cdd27fa0d61fbce3fc7140118ff33ec7cf90e70a58ab17d0d',1,2,NULL,'[\"*\"]',0,'2018-10-07 06:46:17','2018-10-07 06:46:17','2019-10-07 06:46:17'),
	('d3c25bb7d48e303dd44d0a1656a66d7ff174dd02961b1c30d33b24e2beccdc66f1085baa72a370a7',1,2,NULL,'[\"*\"]',0,'2018-10-14 14:47:49','2018-10-14 14:47:49','2019-10-14 14:47:49'),
	('d4d677f9e2ef092e5a4a50e13c114a612d79520ec77b80c813e534f77fda79dd4276606081f6c63b',1,2,NULL,'[\"*\"]',0,'2018-10-06 14:00:18','2018-10-06 14:00:18','2019-10-06 14:00:18'),
	('e6feeaeac19e8c856b6d32894c4e67f91b89080fdb7560ab4d387872aac09a799b043a39cc123982',1,2,NULL,'[\"*\"]',0,'2018-10-07 07:23:33','2018-10-07 07:23:33','2019-10-07 07:23:33'),
	('f3dda4143ccd1e07c476f96878bf1637c5ce491393b8840b6ed7e467ebbaa4318978c843825edaf3',1,2,NULL,'[\"*\"]',0,'2018-10-06 13:59:06','2018-10-06 13:59:06','2019-10-06 13:59:06'),
	('f3ea450f3b22c3b6a370929b56705c6de91b0a9e19fbbe1610764a40d678a028753d58625be6fc3a',1,2,NULL,'[\"*\"]',0,'2018-10-07 07:23:34','2018-10-07 07:23:34','2019-10-07 07:23:34'),
	('fb0598d34962fe5c87360f0f75eec457b1c658b3e58c7f010f9786fb149e7730b7eaeefff8eed549',1,2,NULL,'[\"*\"]',0,'2018-10-07 07:23:30','2018-10-07 07:23:30','2019-10-07 07:23:30');

/*!40000 ALTER TABLE `oauth_access_tokens` ENABLE KEYS */;
UNLOCK TABLES;


# Dump of table oauth_auth_codes
# ------------------------------------------------------------

DROP TABLE IF EXISTS `oauth_auth_codes`;

CREATE TABLE `oauth_auth_codes` (
  `id` varchar(100) COLLATE utf8mb4_unicode_ci NOT NULL,
  `user_id` int(11) NOT NULL,
  `client_id` int(11) NOT NULL,
  `scopes` text COLLATE utf8mb4_unicode_ci DEFAULT NULL,
  `revoked` tinyint(1) NOT NULL,
  `expires_at` datetime DEFAULT NULL,
  PRIMARY KEY (`id`)
) ENGINE=InnoDB DEFAULT CHARSET=utf8mb4 COLLATE=utf8mb4_unicode_ci;



# Dump of table oauth_clients
# ------------------------------------------------------------

DROP TABLE IF EXISTS `oauth_clients`;

CREATE TABLE `oauth_clients` (
  `id` int(10) unsigned NOT NULL AUTO_INCREMENT,
  `user_id` int(11) DEFAULT NULL,
  `name` varchar(255) COLLATE utf8mb4_unicode_ci NOT NULL,
  `secret` varchar(100) COLLATE utf8mb4_unicode_ci NOT NULL,
  `redirect` text COLLATE utf8mb4_unicode_ci NOT NULL,
  `personal_access_client` tinyint(1) NOT NULL,
  `password_client` tinyint(1) NOT NULL,
  `revoked` tinyint(1) NOT NULL,
  `created_at` timestamp NULL DEFAULT NULL,
  `updated_at` timestamp NULL DEFAULT NULL,
  PRIMARY KEY (`id`),
  KEY `oauth_clients_user_id_index` (`user_id`)
) ENGINE=InnoDB DEFAULT CHARSET=utf8mb4 COLLATE=utf8mb4_unicode_ci;

LOCK TABLES `oauth_clients` WRITE;
/*!40000 ALTER TABLE `oauth_clients` DISABLE KEYS */;

INSERT INTO `oauth_clients` (`id`, `user_id`, `name`, `secret`, `redirect`, `personal_access_client`, `password_client`, `revoked`, `created_at`, `updated_at`)
VALUES
	(1,NULL,'Laravel Personal Access Client','VVCZhTjz7LHAsgKEScP0MGWIu17X7LTcOSB6RUYe','http://localhost:3000',1,0,0,'2018-03-04 05:02:01','2018-03-04 05:02:01'),
	(2,NULL,'Laravel Password Grant Client','WOLT1mCznxKiHXDvqKE9DS5yQpvk7F1aQ3lqE7QG','http://localhost',0,1,0,'2018-03-04 05:02:01','2018-03-04 05:02:01'),
	(3,NULL,'web-widgets','G0QO6i9Vc8FoMWwKtkPvXdEktLpughdBgDA528ly','http://localhost',0,1,0,'2018-09-25 14:55:39','2018-09-25 14:55:39');

/*!40000 ALTER TABLE `oauth_clients` ENABLE KEYS */;
UNLOCK TABLES;


# Dump of table oauth_personal_access_clients
# ------------------------------------------------------------

DROP TABLE IF EXISTS `oauth_personal_access_clients`;

CREATE TABLE `oauth_personal_access_clients` (
  `id` int(10) unsigned NOT NULL AUTO_INCREMENT,
  `client_id` int(11) NOT NULL,
  `created_at` timestamp NULL DEFAULT NULL,
  `updated_at` timestamp NULL DEFAULT NULL,
  PRIMARY KEY (`id`),
  KEY `oauth_personal_access_clients_client_id_index` (`client_id`)
) ENGINE=InnoDB DEFAULT CHARSET=utf8mb4 COLLATE=utf8mb4_unicode_ci;

LOCK TABLES `oauth_personal_access_clients` WRITE;
/*!40000 ALTER TABLE `oauth_personal_access_clients` DISABLE KEYS */;

INSERT INTO `oauth_personal_access_clients` (`id`, `client_id`, `created_at`, `updated_at`)
VALUES
	(1,1,'2018-03-04 05:02:01','2018-03-04 05:02:01');

/*!40000 ALTER TABLE `oauth_personal_access_clients` ENABLE KEYS */;
UNLOCK TABLES;


# Dump of table oauth_refresh_tokens
# ------------------------------------------------------------

DROP TABLE IF EXISTS `oauth_refresh_tokens`;

CREATE TABLE `oauth_refresh_tokens` (
  `id` varchar(100) COLLATE utf8mb4_unicode_ci NOT NULL,
  `access_token_id` varchar(100) COLLATE utf8mb4_unicode_ci NOT NULL,
  `revoked` tinyint(1) NOT NULL,
  `expires_at` datetime DEFAULT NULL,
  PRIMARY KEY (`id`),
  KEY `oauth_refresh_tokens_access_token_id_index` (`access_token_id`)
) ENGINE=InnoDB DEFAULT CHARSET=utf8mb4 COLLATE=utf8mb4_unicode_ci;

LOCK TABLES `oauth_refresh_tokens` WRITE;
/*!40000 ALTER TABLE `oauth_refresh_tokens` DISABLE KEYS */;

INSERT INTO `oauth_refresh_tokens` (`id`, `access_token_id`, `revoked`, `expires_at`)
VALUES
	('008ff54ffc3f8ba297846e8dea6e3c672f96ff67dbbeb741180a637fd6ed4d2622b74cdb55ce4f66','e6faed83f0cb29df9ad067490e6747a83d7c7bc8bf04b25e642791b0bb46ae3321bf79c029a25afa',0,'2019-09-29 04:42:51'),
	('03f9ff468d1a54a54441ba1d2d35a144150d8bf28b6cb5ed91eeb7095c6c76a889b80cbbb40c4042','993d970f96bc0e15177e544765c47b43f94bc4bb0a6030258a28b0a07663cd73498ea42f4b1d0bcf',0,'2019-09-29 07:01:54'),
	('043381b66c9e0a3e77b66ee746a7f5928987e8be743f70451ea251a0e382e1b61e2f48409ed71a15','a177b5c2b3a60b12013b4ba2c37fd75692629fc21440417115a1c4bec0d79b203654044987317627',0,'2019-09-29 02:15:58'),
	('04a932e90cf2f737fc35b4436a89876e6a1f74847d1d642706fbe0d6342f59e7bdd738a6fa0c8815','3f95cac6c447126b26fd97bc06fb419f414ee1e1281f46458a053a020a0d9e86833db83901b6e0d0',0,'2019-09-26 16:37:39'),
	('086c513a79bda428e20a3480f912a62a6cd280efdcd5f84c1675e476325c96e872f2f105205bb185','711c0dea7deb9694ed2e4edfe2f19db9ab79379ae75c174b52962e30f727affd9dc7de3022ecd827',0,'2019-09-25 15:06:01'),
	('09456f576d55372663fcfcb18e32c9b75b6655245534bc111e0da3aeaf4d9bb4ca794bd9dd1796c5','0591822a15b235678bf29eee304c6d2a1308c39561ee67c6a0a4ef5d972ef74d27803aa226fdb385',0,'2019-03-04 05:02:43'),
	('0a969c6e8cd645f7ae4409d41a41daab2c6284f48ddda0213ee3c4a9a6c8b37199fd9fbac7aa6f4c','f35268001320bcee8c1a6794d37d9cf0c54ae8fd383eb6ce1e8a854411aea62ecf4c6bf8e620b278',0,'2019-09-29 07:36:29'),
	('0c983c4daf5336a2e46a120e01514c40a2d641f288153f12f31e70fd442887e2ebeb2d6312620349','d2e9611b89b617df85a9c720f088b5bad3483016b634dbf7fedab63c0cd6763f76a39a5d72e4e980',0,'2019-09-28 13:18:34'),
	('0d1e4616d79fd57d649e75f6db642079a49cfeb2cacc76a5b5c951e3514c5589a45d027dedcf5695','aaed8eafe30f59837d3a7696125fff3de427efc2d7ae74bdd5a0795766b192371c39d0b044217b8b',0,'2019-09-29 04:43:41'),
	('0d6ad53920b2554d45cb3ade9b0d879d20bc8c3bd5a69ccb6c596b2feee26c0e31dfd1f450d26711','546f272ae0ad90dc31d6400f33fee4f59afc9cabb562ec96e1e50443faa709c3320be4b5ee3597ec',0,'2019-09-29 02:37:06'),
	('0da254fbd16b707f9cffca3f3e6e471b57ddd16192a0fef46e2556204bad592a8b7cedb7a5f57611','21abeb11c6a836a6137a0c29c23bffc126ce2e86efad71096e532b0bc1808c36d2939d654db0dd6f',0,'2019-09-29 05:33:28'),
	('0f22141c4195546c1fa2140c9350a8f190d40b6c848a55f40f281f22e54da5e0de1fbd73803cdd57','cbc21ed9a32ac0d014d5867c016a774661eb53351915f0935198154adc61d6feda7ba5426273d8cf',0,'2019-09-29 06:56:15'),
	('11bd0827dda31a556a5583852167d1b01c406bd0d4281f739c8b2247330366e1fc947ecde3e134f1','b89829bf2de309769d2af0c9aa9462b9bd75cdf1abccee8aeb6e790b2defdf79609b5d6eb125ac7b',0,'2019-09-29 04:57:08'),
	('130f9f2ea0b934c95ed832c6af68b910ebaa46494ceacea3ee46cef3b838193b9a7fdd5a5c78c5f2','0cfc0e061c21620b2e1dd24e90ca950a16807a670e2c9e3aad82912ceb6abea951f891bb1e416891',0,'2019-09-29 04:41:33'),
	('13985f44668bbbc517a8df721564e05f9e8b4a7b88c72fcaccf040b52f2514c16941c0119ee02fa4','8334039888da049cac8c2d740418302c7e0a5c667b4cb1410dc916c02777c3deac7b85e5fc421c7f',0,'2019-09-28 15:04:53'),
	('1468b919dde82ca61b3e06f766df29362e13cfb7451493fde509dc88b6689b3e4694f15f55a13a81','8dba65ee34222e5119d8a7b09a58801bf25100056f304869f136ed663ece2daca56250c6b65b62cc',0,'2019-09-26 16:27:35'),
	('160aceea19194dbe9fb73ac75e04c3594e46d380a3bf310feb371a3fbd721ee072c044c1a8d3ab13','e94304368d7c392879515b63c5d89156586243fa87cdee37541dc0995f0d0f6028da1f8f26c968b7',1,'2019-09-26 17:09:13'),
	('192a7e8a0b1000005328b9f5ba89f09b7c5b6aeded7c614d77aaccbc59fe7cb22c37e66555d6f13f','41dc3003d860393c55dda9ea726e546efb5018b56ef145b0f4636405c93a693945470f6cf17e6d14',0,'2019-09-29 08:19:02'),
	('19bc14668f370a9b36dd53a3c74f54b60a230ba07b7f84c2e9309b4772065849e7ca30357e6c5be9','5993437c863bdb971e214f51413592b8f133cfa34a60a42484e8715a6267b13c97dd9e6dbccf3103',0,'2019-09-26 16:27:59'),
	('19da25c0cbf91aa91212d46fd18d89e70680cc4edc7bacf99de9b46365c3ebdefb8f01d6bb063541','bbd5183981d42d37f0071c8e12e3762b2b7061b02ba7894052a98410b0ed45dab85d28b1937f12f1',0,'2019-10-07 07:23:29'),
	('1baf278ebc56400dc9c6b970883981742bb56d6a2ed49dd1355cd935b1e54ba439ed448713c8835b','7c1a99fa94ee5f96a00d95e7ff61de2cd17ce4087750e81821a97d398ee999179aecab05bd182437',0,'2019-10-07 06:46:53'),
	('1f346c2b4bc838bdb60b146ce46226034c2092a5f62b3ba6f7b778ec8dc932f52215b2a51fae32fa','6abb0a5ccb63c594299174f6704121893eaea2a8516f476b90f1e24516453e453e74f3dff7e4d1bc',0,'2019-10-09 12:20:18'),
	('206b091e3b3d2bee3e954f78717e4f931f95c2909c2323b44f9bf3230a7061928f7716f302af4280','f30a4a76009f5b73cc9ef00eb82ae69b45bbc1547676af98d48ab4a3d471bb933ac8e38e62ecfc74',0,'2019-09-28 16:34:12'),
	('20e059e7b3aa06d2cc0e17279b08f2ca3c4499ea1d35fec6b9b8963ef92f1f3e34df64ad8ac9763f','289d43207e32c9183eb2e1f2a84655ad263bf2b9edabfbc780bb673aa00535f53de320a2c65094c2',0,'2019-09-26 16:04:27'),
	('22ad2cbcf484e94a5f6ea18b864cec1f37d940bc94be115c02804e89090e3dcf620f4f891c668066','cfb8bd56debda769c8ffb483af285a7cdd27fa0d61fbce3fc7140118ff33ec7cf90e70a58ab17d0d',0,'2019-10-07 06:46:17'),
	('23d40362a8df3534d507a320d522bf52619ffbd789f7fd465a89804ba2b17eaa93fb16c74d30f9ea','12ab1afe44a2fd41dcf8352a19c9c22f9066a642a5341dcc584023d51232829e6ec92b69136047e3',0,'2019-09-29 07:37:00'),
	('25f8e1fc3d3a1aa7603457b261118f6c77701e611302194729d9f27622114b14116856eb7322c75d','b6f5fd9732bcae82309bc2c86669bf8e1da735f4fb3e4fa0ce0a5a8cfa7cb0054f7e2dbc51c716ce',0,'2019-09-29 07:28:19'),
	('2663e670e01db9d1a697abaa9d1c1e162d7b3002e340302f3d6a4b7fb92fbf89ada5f414f67dec17','aa7686aff0cd2e77572f66f5fb15d8b7dfbc867eeee16a2cefde40c1b32c3570f829b48aa07f3829',0,'2019-09-29 07:32:54'),
	('27f5ede26e5c38152ffba43074daf4cb1957a30eb98cd4b1a516fc22a2a1fa4e2d7bda04d82daf9d','92ab74a8eb0e2474e22b87fc1bd10115527606073bc3ec0ddfbaa3d8733101ad0489c18254268b01',0,'2019-09-29 06:30:53'),
	('29a5063d900907f5bddc279e5225bb0ca89c274a4e5bd89909f37e177c03623db473a1eda9a3f8b8','e6feeaeac19e8c856b6d32894c4e67f91b89080fdb7560ab4d387872aac09a799b043a39cc123982',0,'2019-10-07 07:23:33'),
	('2ace505491a7cea11ff441b828a9d865a5a4d73ae9cf4c39b9ee0c265ddedc3c952f366427c387cd','851f838ac221b79f093c6edc9e3b8ce316c681ffd98f184892dcf1068c2d6e97ed45f3c9d4bcbe20',0,'2019-09-29 04:54:05'),
	('2b0d3856a8c348929a1cdd66abf448118ba4e904dd8e91ea0e181184e8bf1f8d9ca1ab983bb3675d','9de68d1dc5783824966e3444df198fa564ee120486aa112b8c10ec09b900eb5d6964b0274a4f653b',0,'2019-09-29 09:47:21'),
	('2b54d910e436fea99cae63633f0f608de7476a24eff4d3ae3968b6f64d02f20a1ab39578cdd2f6fe','811ce5c8e80721e1239760fcf89a4896c21746f9c3188ea1a2508bad8ec90dfab706c98522df06f0',0,'2019-10-07 07:23:35'),
	('2cd319d0b183b0569aeffc74e7afdf0d62889b7d66494c068173285ef730d237dce59ef4090bb6e6','22436d5dcce17a3bf243af38620af02cd38445df435ef7e34f4d3fe076213109a2167a7478953679',0,'2019-09-26 17:11:28'),
	('2e849ae240caa57cfb21f5e63502b220e0cc3c4ccf6c63772f4a6391a0b564299163296fc35d6ece','58c1a91f134f5b65993174c5df0a251776f79c417939ec0c9e70cce04dfbae73bab92c987ce5fe6e',0,'2019-09-26 15:28:38'),
	('2fb67ba4555beec68fc574263337ed0ae90f83081e5640f1a7bc62bc59031a12ba1a7ed0c7aa235e','5d99f694f136e650bf6d4cbf5722222cab5da0c055abdfa584bb40aa8f4699d5ce22ad10d4165115',0,'2019-09-29 07:45:25'),
	('35463c066a0f76a6a3bcee6e8037e68bfc669aeb1ca51c31b698498c52ba98afa63ace2c6bd5f979','1baa3f8cb53e55a6e258c86ec223af1bc6d8310821d986e633ef38114918bceb7a25cc41a9c73a79',0,'2019-09-26 16:38:43'),
	('37575d38de51c39840592f4b445f7779211ddc1bc9903924ee91d14a11c766c750249b36d59dbad0','2991466632928f9d46b77f79636242f7aed75589f386de4a50c53b76b1a329db480fb6dd0779b1f4',0,'2019-09-28 16:42:35'),
	('38495016bce722fa127d8cc7f8de7b83e8ca1e484efbd0c8531352fa9410261d2a925fe4aa2d26bf','5a8ab3163ab2491ec4194fd56466558a90bf2aef2eca3dbd1b7b4ac3f064d60d90406077eec9550f',0,'2019-10-04 11:42:42'),
	('3ac8cfbfcfb0da8f12321c7f943f04780b6a008dbabae7c308cd4404e5139df407b72eedb74e62e7','a3ef32b5319d93771ac0f13ae2ea7a2cbc41271755aba9f909304ea45015f566d6ae26ca78e487d8',0,'2019-09-28 12:56:43'),
	('3e679d39cd2df4cfb77ade6ec779792bf05ccfff7b8b4f23da22c2bf31a86561d4d931167f4eb13b','da4bc33272683b9f43de9ae04e3e085085b80b2fecc2d6bf840d7ec13bac98f781f8fde74454e58e',0,'2019-09-29 09:59:55'),
	('3f4cae97d7b629eab64d310c7ee569b7c521573a8ae5b5c33ab102301771416d6ea3d8d6e126e5ff','ba13ab26272612ae8e47c88764a0d3ab5c0fada129165faa2cd12fe142f1fb74dae79af70e3642f3',0,'2019-10-09 12:20:47'),
	('40b446bd69c7672de1640ae9945edb00847a211a9d81ec2aba814637c8711f931bce0e396ffe4dd9','89943f89da2fa15c64c0a8b25298dad3f60a2ff88e4d6d5cd0194dc3d9cc10d7d3adc9965e8b0ef1',0,'2019-09-29 04:55:43'),
	('42107eacfe66e00e2d45af4d5a3d1a7b5471ead9778f7122c4aa696a507a374e195353a75d666d37','15dc78fb9c5a4a6425086e897749914fe20113613d4cb17cb1d3c69abe9545f0ce20239d88a40674',0,'2019-10-07 06:46:34'),
	('422b234f372a10374801a56c94476b0a12d6406c5cc14d19e4c97705c9c40858de6519b4695bd399','b832919e2ed89423b4a3f4e849b1d72ab86cb186ef60f58ec7b27dae30d51a813068ca0f7ac00167',0,'2019-09-29 07:35:35'),
	('42875f3a8f839bebc147defcb66564e634d7ca23b069181dd758af9fed3e34680e66fe21bce03b9c','3ff8c15901f9e908a15856b293c87c8a3f54bc7654b431e8fe60ce92cf8fcd37fd7f976135b2d24b',0,'2019-09-28 14:24:24'),
	('4314cf22a027a5f70df4afc34881e75ed882978b2712f296d55ee6678464c2ee2ab4bed9e47a4ddb','39c192eee03ea5d609f2097830c71d2f6f34342f056edbc6c84c0a623829109deb72637d7352293b',0,'2019-09-28 17:12:17'),
	('441cc05df90963028bb546af282a612739baab088e11baeb2ca215fa76657b2060b3b496ff532dcc','dc0a0722ecc2e078f653a956a6d4b4ef2b8bd9accc80fb41540ba817d5c829ceafe9a0f060233a9d',0,'2019-09-29 04:43:09'),
	('44ef39c532bbb3582371eaf82e16843e17e3d54413b7d8f1bbfb11d663641d8ac79946cdca532066','5224b3b32ee6f2726c1fa1af4410983fa45cc7883ab2faf0ff59d5fec45a6f2b7663ce5896cc50e0',0,'2019-10-06 13:28:47'),
	('455164e4f75cbe56c54590efd490075de2fda27a9e99235a29a63555d62f221eb4440d08523cfb55','df13fd5801a82b2ec52495352cfa0651a84aba53e926480739b18737f0cb8b4b4ee8c947014bf944',0,'2019-09-29 06:55:46'),
	('492ff2b0cbc32d68aba53c38f9212e3f4adaca4460dd2f1a4f931634eda235c25760ee025f63cc19','9a5f7c71e008a81f44f27c2f2cb0eeaf1af09fccf03170b28217e909e7e21814abbf616c39703bcc',0,'2019-09-26 16:37:04'),
	('493d6b8b2f49a5093fef6bfedac1804d1285f551a05cd83d6cd026adfbba0e57baf05d4a025f4d3a','af3729a28c8eded0b614a16e95842ed6447558e7dd1bc641dee11ffb3e07c194d62dea58e87a0750',0,'2019-09-30 08:04:39'),
	('49dd5318009b884bf308b2e56ea77494286c5f0bd31c64779152a18c9e2358e4f9126a0054c67bcf','4a3cf8eb60664dcd31b536255f966b1fab973e17538e20fb4cb41ce89ec2791339fff5aadb70f378',0,'2019-10-07 06:46:11'),
	('4b8a2d388a13456440851cca97277865deba126e2320469796ef162e7572dcf7e965a053543d0983','35c907db5c0a94c465f486f3b131f51a6b8932f4c2fb954a86cd69a850876304daaf29a6397a5a0c',0,'2019-09-29 04:43:34'),
	('4c689d392c2343b5f10e9d8568dc04d539996980742d353751d9468f432a40b90c6710b08d2fe07f','3e17aa59bba7d59b32df3edb3f978cae42cb51b67a574622006f7419aefc7a9deb0b147f6d4388f1',0,'2019-09-29 05:15:11'),
	('500ef32db575dd3fbfeae31fdf2040a3fe8b27197ff0e3d154826638f9068113dcbbc74d6e14341d','7813ecdc5b3561ecc5202411d2e341c2a2a7e7bacb52337818e12049d6584e3beae479340221d259',0,'2019-09-26 16:38:11'),
	('50c8a4528faae2c053fdb41ad1ceea61c0eb75111060971a09ced6fa1a2a92650175d7926a76621e','1c6ec623d3dd79848f90aedc04454c6245d63f6a4e6303bffbc38f0d4578a7a313248735fb2d29c7',0,'2019-09-29 05:34:13'),
	('527e30de59a830a94795d5937c99d161954a1917b249fff1e586c5927a225db94f58d0478c5eaaed','ea750a4fd6546d611068a29e5d5c2152c11bb6a9a43a0e2474f44b191412722a52d9c2d9ad5149bd',0,'2019-09-26 17:12:58'),
	('52ece78e50312ef4b8e0f3044a9705749f036fc674523015d5949b61bf78cd005e9f2fa88c73f6f5','c20689945205889f38ce69233d84294b42c0bca8f34ab672cda2b2869c2d9a490e11c7b8541afe6a',0,'2019-09-28 13:18:35'),
	('53e69751528a57baeb5a6fb6c627c4f125746a4fb8a41f5e062864c4930f976fb7f7c5a00771a7a3','a50b3c1049c625f677279f05623696eca81c75bd359fea45abbd9fe303cf31f111f2d8559b0cd3b9',0,'2019-09-28 16:16:38'),
	('53fc38d8d7f0383f1e0246402b9e554ead6c6e78e290695ca542af205a503de6fc953c3abfef5503','c8a867877cf788cfacae78ebbd93443ea1dce764884baba4f787898459e3d4752783a2c5fe90397a',0,'2019-09-28 14:55:12'),
	('5778e177adc395131f5977c01d5df7020fd874594d47195e5dc65e8482cac07f235eeb5488ba9856','68fc2b4b3e609f7827f7e1bf2e21170885c83ca41564bd6b8bfbc405bc131dd18467cc8d148e39a5',0,'2019-09-26 16:37:02'),
	('5a26191468b99f7487a6756265188e52296e2bce3e4c127632e3ee7b8a162b694edfd41446ca62a7','2af7a333459b213ce6694d79a3bfe462169f25d93ea7a64cb4219a1c4fa7ee82fca2c9e73b63dbf0',0,'2019-10-06 08:07:28'),
	('5b7529d3ea2a157b8e1524093e6d6f02ce212877de2781db82f6606c165569475e3a6455ea9fc8b4','520b22281155f494e484bf1b6f56611233288706839ccc3b242064db299ea568aef337d1fee03da8',0,'2019-09-28 16:56:59'),
	('5e4a5d492efc3b8833e43e526e47bc691a13db515120c45dd433cabd43f150c035c760641c36cdbb','7f982f0c91db9d5ba18b8c18322f4be74a8fe0846553967837493cbe5afd1a4a329651373ac9e268',0,'2019-09-28 16:40:00'),
	('5ebf043653dda9874db5f61b3a00f37038be9135003a844be9fd9b2282dd3391aa914793f61d6957','d9954bc620aea24c5fc4cb408191bf388d78b7d06b115a1f1847433f2a2558f538c547a4d7ac7b46',0,'2019-09-26 16:26:22'),
	('5fc36b4adc80b8f7d24284e45158227ef8efb56201a0b4d9974f7688d2f8b699803aad3e1117160b','117a8a4ac71cf5148c8f1e497a1dab04d58a9dd87976b182b95bb0b2817507e8cc4bba75dc76349d',0,'2019-09-29 09:58:44'),
	('5ff833ea8c705ab90910e5746617fd685d20ff89bdbedd4e7162f9735628f14e814aedef2cea9d3a','14ff68343d34804d41d6eec94c4a8a5b4b75d8073caf7f2a7582029ce3474535d382aecc16e3cf39',0,'2019-09-29 09:25:34'),
	('61fbce35b01a5710dc16333cfc2611d7d77921c33861e9d3e42b8eca7da5a7d339286d346f1b24b3','08697ed9abff29a418f47fd4ff95696da600194876ee76b0e568e1ff6eeff84f80052b7db44b4e0d',0,'2019-09-29 04:46:14'),
	('6237f0c03eb23577e408e234a4745b5ade00ac1295f93f3584c685a99629d6fac2deca58b899f5be','aa2204628d04ab22d3c31b3d00ea01d91d529f0750f653b97538820d0fa5b490ba66890c5c514d01',0,'2019-09-29 05:59:42'),
	('66b4d84da6ccf632bbdd0d73207bf296af1d4225df063f85fa772a983325e60ade12eb9f453be2b1','fe4cdd64db3e19c36ace0c43b223953743f976b029ebcf78d52003038997058389a0cec0aeed53ef',0,'2019-09-26 16:27:55'),
	('6984773f7e14690a00e817d6c3fa2930d0926044c8dd6547117b1eb1f43ffca0c2c014661e1bacbc','4ec53fe1ec718311cd57a7f4a5de276f4b95b87369d6f7c6623a9e9bb6deeaffccdda7dee3f143f3',0,'2019-10-06 13:35:23'),
	('6b0d290c58f9f7170625d5441f8abd867e34ed43402dd357124a05137fe43f7cf722ca6491dcbaa8','4e334a7b8905ab947360d74e8d64af9cea49b9533192757d8d91e09c50f294c41f949ab15bda54fe',0,'2019-10-07 06:59:06'),
	('6b9dca072d0b4362d653fe6e807346420d328fd58bd8aa07ba1ccd0238af3c410e3a5b48a0acb839','51ea304d0dffbc69d27368a5e65e6d170171714f8ac48ed2797781f51740a476e8277a5fe4043e94',0,'2019-09-21 12:33:15'),
	('6ba276d47eca3676788cc4b6d09c3ff36fe72850c99ae21eda8bdb86fd1387c170f93b46e28c8cc8','082172836d28dab27185dd2e38bbe8ac9665f1e72cad36ce46df1d917bc5629b48720f11d3a67e5a',0,'2019-10-07 07:23:25'),
	('6e333a9dd56fe406aec258d708d65d55346e8155e8d6ee6ebac779a67d5931795f1d387719e68f9c','68699054d2ce126f56aa447ce7222ea31114aa3fe9833992772297a8978632315abdf73222296949',0,'2019-09-29 06:00:20'),
	('6f6eba2dfd6b28744b8b210b1f4c122c4aee7c4050d1034f49c4559406f8ed79d689c5e3634d02b5','ccc0fe558ca80ffbe6aedbd2406211b5b75e30652610295fcf93502b1032b0e58db6cdb1e51175dc',0,'2019-09-25 17:10:27'),
	('6f713e1a07da031d1234218bd0d74d203374fa9c68f748fd23dbc710cc9872ceec458ad1f56cbd8c','6913a002b9970b1d571414a44d1e6ea8dbeb3268cab77bcc49cd133a59ac104ea60dd35f7608658f',0,'2019-09-28 16:14:28'),
	('70d42e4374c2ca3defe7041594d7559438820b87403c19383a95361de3db434e03df6f51d4d1d1d7','4b5b7914c5008d3768a5ad9deaf0b3b65a3079cd773ce897aeaba0d0f469fecceb8e7bfde39d435c',0,'2019-10-06 13:59:41'),
	('722e96809796c4f6a7add687b1f956eec90c2ac05f8b03e8d390728694793bbb4948e2796cd9460e','a6cb794382d16987903d82faf7c3b48c1fe3bef20ac1c87936b3a0f0251f8daec188a07e9b75f1b8',0,'2019-09-30 08:09:04'),
	('7562873ff46744742f68896c31909630f51ff94b3b6b455b997d7632b047d10d41166572f0847c78','3a50e6c3f088da6d9556095036f470f0a6762b2db02bd4e28b038d9c116ac71dce85c85ee0a64784',0,'2019-09-28 16:55:23'),
	('7607b0bfe5d91ab0728f419c9be430b9aadb6fe8fc1c074235a99c6094e96c222be07a0f37194888','19934f39240490bfc95800a3008dfe93e7ea614338818490a1c502d15234a4d0dfcdb534e1b7608c',0,'2019-09-29 04:44:57'),
	('771cc9607042e7ca43ddec227af9f0c613c43fa45f6fdc5bc9c083e58c44832a957d3015f0eaa808','e901b53c2f90e298ebcc6f20a9de3535d74a19c6e36fe21a638bfe86610d9b71b768fb9bbb2c08b3',0,'2019-09-28 14:52:29'),
	('77bf07a2f60a8052b099a069362115d35579ddd985335f22b4da62904f93fa23a664836ad3d514f2','c0c710f097ec4f6b654de4cda5189009bc163c6caf97f58910edeb5dc2c92851dd0546471beb8b6b',0,'2019-09-26 16:04:08'),
	('7812f880f595e079524fa87242efa2eec8c288e0928789fbb558829601b45015fdf5bad981242c1d','b1af2915503ba8d7f70c3746b1cbf1eb6798680b9868c161a24e1353902e238dcb31c49f4d138c93',0,'2019-09-29 05:43:03'),
	('7aadf710ff31b135bd4eeb2cf08eab5fc2067ab9f87dff7afc57179fa7a1d0cd5b5ac7000601a83d','4e7684048392b0938163c9b3b2dd7b10aa39ba7e68d8e2f835522cd18aacca45ca09027e9ce4e2a1',0,'2019-09-30 08:02:21'),
	('7bbb4d2bd1a8946b2653648d78de0a148cbe046b3938a920ccdec76109a7660fbb497aa8e8bfd5f9','a237999a3ef3bf16c1697d8ab7af4adde560f25b59cfead76ca81ba8bc667797d4edf1e5c1cb44f7',0,'2019-10-07 13:48:40'),
	('7cf17f45f454ec1560ebdf6edc39f928c3a9f9ba53b1a1a79404e3c221c228150f30112ee242fb65','b2d3f364a5ef41a2ed88e12cc27e19cb53ebe5a80085f1715329676eb82872b1510536ca35eb4f0e',0,'2019-09-29 05:59:14'),
	('7d257bc0dcf5545ec8bb27c6d51f545ddb49531a4802f985a320f8f3cf560d45fa2bb8aad0eba59a','39b8630e3a81161e347e413760a2964962d8db169b4f49f0398d689527808e27b6d2ec17eeb44c90',0,'2019-09-29 05:23:32'),
	('7fc2efc5a959da6f33c69bd7c8bdd7cbc1b09101252b35029e30563536e4d7b77664179e8909cf01','f3ea450f3b22c3b6a370929b56705c6de91b0a9e19fbbe1610764a40d678a028753d58625be6fc3a',0,'2019-10-07 07:23:34'),
	('812d8d549a8e778ba7cccbca42fef0f5b5f49d9d36eb41fcad13b656342f02b383d873be170a172e','8d68b64069bb2732cb54b0cef1e1bd5e51813743bb219e780cef3f199080aecad06cdf89f3042338',0,'2019-10-09 11:31:38'),
	('838c5c38012cbde0f83d1fe54af3fd93a7e6715006c03af4d576964a43ad5c48be65d380ed38cce5','717953cff94fa1450238453ffd4ec0399b347c4f3b4a3b8510571fd8a0712e7f2823a1dbef14db72',0,'2019-09-25 15:26:46'),
	('8586f01e1339eb33f6d6cce3513662575962adc849744fb9c18adc97407a8e8ace5ca51347decc60','a9bd836a95983160f6b13d8282dbac76b88e6947dffa3980f93cd211a6f3eb0b8ffdea2f9ceedfba',0,'2019-09-25 15:38:01'),
	('8691a4a1d990eaf84999aefcd24d46490b5e465ec9918f42c6bf6dfef6421e50ea95ec03be1ddbe2','48ff117adc5d26e8390b2e2e3a0c83ee9ab30be3f072dcbbceb7e4091434092208456cfbc4f9bc62',0,'2019-09-29 05:34:04'),
	('870ef36d541983f0ddaca7aa1e435eb7209b77efec5e789569065dbb557ef75f4b6ad9ca6eeea612','79a1cd798ab3feea452204897730136a10d8b7de8f5e90f9284bf5912246e039192865524b85f1cd',0,'2019-09-28 13:12:37'),
	('8cea612e725743addd0aa80b9f29949b6505c7a8ec019736993bded867bf5b862a15b15480bdca0b','788634fdd92fea2c0baf39ff100b8e5b3cf29ef321ca68f743b33e81abba6c164effbd928f37c4dc',0,'2019-09-29 05:53:52'),
	('8d54a3fd5c4c8526f098f031824ec88975c20b98d1d6778fa4e992074c54d1f0daf2813e701bf4a1','c23e4987665a5f4ff89fcc2b2446295a2658f764e4eb8512008ce11c660bac7fd04a64a12bd74425',0,'2019-09-29 04:42:14'),
	('8d755c3d03586ac9ca4127c1a93df67adc86d7fd405e38416c0570ed46a340aac6605eba4a2114df','195bd72897de0de5c31868139733a47667aaa415ba87806a591f20439920a17f42dd815e1da05795',0,'2019-10-07 07:23:30'),
	('9397deeabbe02e5ff7fe38dcdec946a42d523167bc9ea451e4b8ff8c0e6c8684a29a38efd750c73c','c99e2306e4232bc60de263c8f33371e17444785e629ecae0d89c33d0b32524cff8b47c1aedb8b4c8',0,'2019-09-29 05:08:45'),
	('943188dda4a422bb5c8cfef755f5bf467c494b3bf6356461e11e0edd602b6ee01fb756ead1d450d9','067efdd1c8cc6a081c88f1cff0ff1562577f88b0aa96993b2b19b2799361f04627b7014ae82dcd73',0,'2019-09-29 06:59:06'),
	('95f129eb65223fcf081d37c6893cf0b74133b2833f29c91cb337b8ff31b74ba6ce50fde5d533881f','eb004af2ff69ea74e99ce0031cecb00bb19c8b7e56420bf82eed895ac591f3575531349cc84b2cf9',0,'2019-09-29 08:20:24'),
	('a15a49087d4d6126d59b56efcd973a70b4c577f9eec27fc5ba8ee4a32c3e98e67391449ac1b714d8','fb0598d34962fe5c87360f0f75eec457b1c658b3e58c7f010f9786fb149e7730b7eaeefff8eed549',0,'2019-10-07 07:23:30'),
	('a407d7e5d9d26ebfe2bf6ef97d97772bf039952d567d8ea2836cc80dd39ba0adf85962e184e1a069','05f6fa75da65ef8750996e5521c04832a8fcc2139f1af1e584858bd02042982af9fb19b3ecf2feec',0,'2019-09-29 06:52:47'),
	('a573352e01deab2a217650dac5fb574478d27fa3d3c7dae3c6212176580b83fa59f1b2c0b861c9b3','cb0b9fd80a0744284686413829bb215cfaf5915af09a8074512439e4f59c5655116a9cf8ac92a056',0,'2019-09-29 05:34:08'),
	('a87f462b100aab657fd725919e31bedddea8f209ea8926ab068183e89edafccf101283703d2f0aac','06ec0115d452fe06815d418963440ee2f9d75c3d03d30f16e624ccb5c9055e251621c7d1de4042ac',0,'2019-09-29 05:25:44'),
	('a9500720b7762a01dd7b459894a75dcecb877f3093f37d767cb761e62d4eeaa5bff88110aff6b29f','ff5492caa3f2eb6fb8ef947aa11ab4e268f4cf6092bcd570e3c2ed033d45b2d017d273577d692eef',0,'2019-09-28 17:11:43'),
	('ab3cb32a4dc3a55bf222c2c71a62ebd4f13c446cf037708aef220932d1f6344cdb51e996eaa840a6','a9c488ebe975876e56f60a44e99d0b9ded739ddfd039d3366cbf02a24c6676b9231dd9edabb595f5',0,'2019-09-29 09:28:17'),
	('b1eed20e304b16c948bdbf90cb9091d2452eb18d4ddde810ce1b24dd2b0f44d0cd7495f635a4a29c','1b011dd536aeb742ad3d542914ee81852b83fd157f503090951f3595d1efd8a6550727d9803c0ff1',0,'2019-09-29 01:31:41'),
	('b23e9c3d15c14b5396e5ac36b3306d137e81420bd339bc776c9da9a4d45fa5c5776942fb657cb3c2','4c43509a4c56c6143c779c3509e0367d3396daae6b1a3ee6e7a9158bb9da8e00be5c00a2e1e81a3c',0,'2019-09-29 04:43:37'),
	('b32761e231c4042e0a441a446f327d9f4469244e368551fef86de55de3202bdf80a485ce20524588','9ff91df7859345ab998f965adabb96061f88db09057f03a5c37f10850981135bf653fead0a4504c2',0,'2019-09-28 16:35:49'),
	('b6cc2e10a8190cec1c2956d12b9575c5a0b690923cb34817e8c82e045b2c46fe471d1be8c66a9174','b60eb9b731c738e80329c34b6ed6850eeb1f759ea7dc9b0b39f6baba09e02e1594a3eab4b9a18586',0,'2019-09-29 07:47:48'),
	('b6deaeeab3295d56676db587b39977bb48ea72a8448b636f7855114a0e44d27e5a3f466a8091c472','0acb5f5fb3d50a89f7f4c8051f0e8b9a212b844490e02935e24750fe163e26572135f16947f043db',0,'2019-09-28 17:08:16'),
	('b8627e1deec1d3bd480072ce365b7e3fae6651da27eb37efb3e79e38902692bb84178d83c6e83bba','2eeb06412ce634156328da590a36762adf046169f574b8652517a21982e1800547ad8cd897b20edf',0,'2019-10-06 13:36:39'),
	('c169c8ae745da216148c8726c6f2384d5e09308899a6f8fa29eece5896da53c8e2e2a41d41351437','b004cb6cc36937cac9156a1adf8cf518b57a404234d4be2d99e4eec818ed6a71ad42aea03bdab608',0,'2019-09-28 13:18:23'),
	('c1a5b09d50bbf16c2b2775883ab67d387a960593bfc85faa78d36f8605dcb38946d1bc30b03b4c67','4e01226e0c577d49f6ff7b60e17003ce478f1f9b057f434ec5965e5f2b7a28a2372ea7fe66a04c97',0,'2019-10-06 14:06:33'),
	('c3062e0ab904b6f9ae4ba2ebde87ea9d0b9d751e6351d7f7c006b307fe336fdbf2bef115bc63d247','7dc37b43e58fe3eee81b0486c1847f6f74493e6f9a35580181fa1535733c111ec417d35bcf32811d',0,'2019-09-29 05:33:48'),
	('c42d77950ec01f6ac7529dfa96f033dc7b0113152d4e6940f3aaa3ca4ac93206f6a2586a5df18f08','1fb45fbdf8e2a8eb2a681b288ec14de3940ee24130a4ea04106d824e7c795367420285832950c200',0,'2019-10-06 08:14:46'),
	('c5a4be20317ecdd36bae102124b57d17f64a49d4b6ea18bd53475ef8dcefb50805bc096bedddd1f8','2165dd9378a2d0ee8b44b1c6c76948ff2ded2a7838315a72eb4187c66839b787806fa7deadb57f02',0,'2019-09-29 07:44:31'),
	('c619ce94c793cdd33fdc312915487d7073f45d56eedeb58a01c5f2ea7d588cec3f7b9ca77eb65cae','c2d0bdb3cd2ccd09a393f6fc5a8c5eb6fd2dc47a84e219422ad6e53476b55dc8ad1549e2f324ccea',0,'2019-09-30 09:40:21'),
	('c66ab88a9cbd3527adb6be2345fa78bd16b96cfee0a0182184b999e05b280cb3550a0e6e98ec881f','3b39c7d289ef12206976f847cbfb1e331afa99a15c7a980b771fd8f863cd71ec7066ee6d2af11f53',0,'2019-09-30 08:15:02'),
	('cb6baa27cd447a78266876921f7af9238c74c9653427a7b65df97ae4bdbcc86badf272fb666ff95b','0e1b94d0627a055504dfb04f7b58d79fe685b3f6c1904f4a99a9a4a6ae5540b74ccce551c00d2a3e',0,'2019-09-29 08:13:08'),
	('ccb43962c70fc5860214db782235a4c8a6995b66fe61d282207d85c30769c6ef8c5ff5b27d99b126','af4cfcf672f2d6314555625148aa6a84a3921a0e0712ebb88ee7d64cd19c681a47ab81bf633a93b3',0,'2019-09-28 16:56:00'),
	('ce5cf58ff4135ef1b55960fc2ce7ce1ef60ad73f91abb8be1e7997438bcbd92ac123898ca63207c7','24d215cc21941d9b12c53d0950811931229468da1988548b88d70f17c81c4161aa87981f248be003',0,'2019-09-29 06:56:48'),
	('ce9abac5c788ceb855f0391a67f674327a274c1a73fdd954c490873684e24027c42ed453fc6b941f','37584069454b0710cf4168421c4779682bb6a413b7251f224c7e6d9bb27fb3a4b2326c2edcbfa6b0',0,'2019-09-28 13:19:29'),
	('d104a75746fb4b56e01ee8fa8620b7ada0d9478c1439c8671158acf87674635cc66246ffa5fdb9a1','452a1fe080178eb47cb3646fce76b41d7470de8ff1de89c2506c48b372e5d4be345ce84f4a453bf4',0,'2019-03-04 05:46:22'),
	('d27ad0977851cae547e1a505df429f310683a1f0e8ce3eb912a57a2c92c92bf7717e39ea5d4c4990','a69f88e7cb9e72d8544a451f20379048491346a745520c15fa05152781fd31b750160164bdb9f453',0,'2019-09-29 04:56:24'),
	('d573d54b75bd365361aba8a93269026131841291220808b3270ec0ce8ece5abde6694a3d892b058f','50c7055b9852a049ba3e9f6c1ec2e521dda8fc301fea90c2c783c22d4ca1eaa7f50c799e1727c96b',0,'2019-09-25 15:37:50'),
	('d996d33709535af52cc715d4ce5a95c03e89b733397ddead2c65d2072b5c4b63a6c2b7ed7c296b70','b050bf02c81bd95334f2c4754e3c2a845b485a04744fa45e04ea5f65b317ca5efbab15582a5af163',0,'2019-09-26 17:00:47'),
	('d9c93d5ca4c8bf61f6059e4bf1ae5b70a266bb04ede6abc391e2145840d8057aef5392ed36821874','ef3ee5d59cac2226e908633cea1ec8bb2f3a1868bf34fc390e948f5492f06ed0b89c6c5ef1cc6a5b',0,'2019-09-29 06:46:58'),
	('dd7be627e76ba693dad25869764a8001a172157f0cd3126ba72a43376804fa6a3acdfb46da3e29a4','d2a1f8e4bbfe22cf3cddfcdeb7c4a02e0becc88e92e204334529062c737f1203b81c89782f48774b',0,'2019-09-29 04:43:18'),
	('de4bc0a60d9484dada1b2d38b42ba609f11ed962002dc204f2d09237afd983f4b9c5951de76e76de','e4efa88c0aa6a826a08c6778d28dfb1e01bae47f58380e8fff0de645a5a04797a709646d1d5cab8d',0,'2019-09-29 02:36:52'),
	('e1a0a3386bce251c0d6b79567cf5f783ce8c0f90316233ba9e422f1d10a5edfc1c185606daaed1d3','678ff14d2c37d1e9a42734b66bbc4d80b1961c013e89a6f6cd7cb0c7e6320c10b8ecdfee7cac2773',1,'2019-09-26 16:40:13'),
	('e1b70afdb144d2a01a49609609dc475c299de5db9daf34eb665ff780da4a7bb188e4a3e432f7e571','0e062d7538e86bedcb8900b4602995ca67d47ebf99481e80e3d92d85c0f6ad191b2f7f336d6b823f',0,'2019-09-26 17:12:31'),
	('e28ec019313448729e6201d67863eac0d58c929d8e0d51ebb08e97f52f99b21654fd6e4ecd3aca56','f3dda4143ccd1e07c476f96878bf1637c5ce491393b8840b6ed7e467ebbaa4318978c843825edaf3',0,'2019-10-06 13:59:06'),
	('e366fb4e9d3ecdffb4e27c138cc68000b20b68f72d8f70f877f223a5c74feb0f08dd840586996c3b','0cae03e64ab3db6385428ed3b7f72bdfd0c07aea1c4639079319f1f633a9b9111ee4d5535209b3c9',0,'2019-09-26 15:19:54'),
	('e374c2e5ceff8f057b643cf0d6c0e6d62472030115ecef4e46db0938b939d48266be6fcefe4e2d46','c013ff2fc5f375b65406c90fe616a9f52eb9a9fc0fd2161167914fe2e4966f585833b8c3d0512fa0',0,'2019-09-29 05:32:51'),
	('e6128eb8a1e20748b6238b9864fbec22b9278d7b7aa80f9a5f7d5d2bc3b08a332126531da0fa97cf','d4d677f9e2ef092e5a4a50e13c114a612d79520ec77b80c813e534f77fda79dd4276606081f6c63b',0,'2019-10-06 14:00:18'),
	('e7c8f4e4cfd8d38cb3553bc0a50c3f75432a4527535b121ddb613147b09bea209f8f8108115dedca','c5f5dbc4ac2f6c764c2097e549aabf1c3dbeda53fcea4e5478a5c900c88f7ba8a4494e9310195d07',0,'2019-09-28 16:17:19'),
	('e81102fffe115e1f0cfc9eb0b18a360d1b011907d269452113eed9add3f7539b34d1e859758c813e','765edc52aa29bc5ff8504e0138a098d29926fe01f0e71f0b951e146fd165738fb5d9c4742d528ad7',0,'2019-09-26 16:29:14'),
	('e92b532c8a61607bab8a7086875b27375e523bd35dcd5b82fe42960bec25ff923fb565dd4a31805f','5875633dfc8276dc47cb37ae46a70bce84aa83b31c15c5713b01f6de56cfc3efaed09b3fde74c995',0,'2019-09-29 09:48:58'),
	('e95bb0febba87fa15bfef0f6e4fa718e354392e3af081de3f871f064ee14a94d7fb725d84c8ce9ff','2ff682decdc4e41ed0199a29c844a25b00c42c214907f9300698bdeccb647fc949f5aaede5c05842',0,'2019-09-29 07:43:57'),
	('e9977467f673cbcdd23ea79b62a17e0fa3b8ef532c22f1e6d0fcd02edc42e5740f260a04fbd28c90','bfd1f996ca17a9178bb723c54513723c471b35c1b6dee12fbc81b9952a037c2f17d9bf06e5c3812b',0,'2019-09-29 07:33:39'),
	('ec357aba7e4b523685468db8fe690f314c09b3273feb112e7fdb3d34602c6a0697e3a327d4290dbe','81a12e8ca352736c05876f91fac015f613f73f328c0856f805aa854d9f72152622f750e28e466dea',0,'2019-09-29 07:28:58'),
	('ecf72a0af1216c2226cdef1854b798b3dd0a3d91ff810bf61ffc82a3495362ec358623d64c47c7e8','5f1204106c7777c4a817e60341d9eb12888d2c4898b3817307e48ff07495f9eca47c83b04b03ee92',0,'2019-09-29 06:01:28'),
	('ecfd6a970b7cd2516da5aafd9979747ed55ac57f31d9eebbf231593ce4cdeb91def7b6ec34bb2fed','26bcfcfaf63ced1f9d7302501f5157446b8574595fd8c061def96f856cba797ccd709cbc1b974afc',0,'2019-09-28 15:05:10'),
	('eeb928feb6eba8a89ede5bee54f786cd7500b8f72d2906adce786a97a0696545b42ea87a3e5eb660','d3c25bb7d48e303dd44d0a1656a66d7ff174dd02961b1c30d33b24e2beccdc66f1085baa72a370a7',0,'2019-10-14 14:47:49'),
	('ef277363ea321ac2e8d861ad38a7191e709147be360c5cac812627264829d0d01a1b9439e2f535a0','420c968939547fb5d7940350a20b6470f7d87ee3383a1cf4d22dc8dc6ba3b1746fbc68530fa17128',0,'2019-09-29 06:44:58'),
	('ef7f648ec73c6fed86d1884643224b896642c9c1de9fbf3fd639ca42b202ca49555762034084c29c','bc1d0e1bd104880a882eae4b31a1dad741521216d57403aa634796bf994de2dcc2b05fe8bfe4bdd6',0,'2019-09-26 17:15:02'),
	('f0af9fcb28cc21deac80e60889a165fc5eda7f9e654b1d50a01165c51ee6d1f78e4964aec24ae322','fd4891701d0713881f931af1f1a520b4c0abd43882defec932258430b2edac5f8d522531f7a04166',1,'2019-09-26 15:58:30'),
	('f365e194cc2d6ff7c1c15449918f45154701b8faf1168c7f9e849702bf01f0b8226905abd554084f','2f867e5d7ec1fb77da6ba3e92f97e172862b0d147f038b8fcf99d25d9b75e0176d739e670d428dc4',0,'2019-09-30 10:10:16'),
	('f4ea5df7eb7b26f5d56b79270d9ffe003e74c14a7b7446d81884e9c1b01f4a565caae1db1b3791ce','e9f77e9e6f8a908f81cbc0a957478e23e0a17a3c4497edb8203579227f10b79974ac2e836165a81e',0,'2019-09-29 08:13:22'),
	('f719e800facd2e87948a3ba771c16f3b75a88fbc515650c944b38bdf6c797a919654c278f2c1bd1b','7cb6a12e0097ac1a32d2e689330c13ac90011492e4f89c1c4770f82a03754c954f7e2eced0d0db73',0,'2019-09-29 05:25:44'),
	('fc01145815a96b33b490b9d5ac86a7138e269acee6f36c98f8c8aea0afff7dd994fc9d9d1564bde5','56b2889d50d53644ceced26c8341d38c10ece607c3fba170443f7755c81339d0e1e4f5071d30c603',0,'2019-10-06 08:56:28'),
	('fefe0f473f9d2539b4ada7ef0f0b8aae7897ac2d9b09d85402c48726988d793e5f5ba256cd04beb9','f304308b7dea11f37546321ff529cfb0053cf343719235f3eb457484904280ff82fc2be4827468f6',0,'2019-09-29 09:47:01');

/*!40000 ALTER TABLE `oauth_refresh_tokens` ENABLE KEYS */;
UNLOCK TABLES;


# Dump of table password_resets
# ------------------------------------------------------------

DROP TABLE IF EXISTS `password_resets`;

CREATE TABLE `password_resets` (
  `email` varchar(255) COLLATE utf8mb4_unicode_ci NOT NULL,
  `token` varchar(255) COLLATE utf8mb4_unicode_ci NOT NULL,
  `created_at` timestamp NULL DEFAULT NULL,
  KEY `password_resets_email_index` (`email`)
) ENGINE=InnoDB DEFAULT CHARSET=utf8mb4 COLLATE=utf8mb4_unicode_ci;



# Dump of table regions
# ------------------------------------------------------------

DROP TABLE IF EXISTS `regions`;

CREATE TABLE `regions` (
  `id` int(10) unsigned NOT NULL AUTO_INCREMENT,
  `name` varchar(255) COLLATE utf8mb4_unicode_ci NOT NULL,
  `active` tinyint(4) NOT NULL DEFAULT 1,
  `created_at` timestamp NULL DEFAULT NULL,
  `updated_at` timestamp NULL DEFAULT NULL,
  PRIMARY KEY (`id`)
) ENGINE=InnoDB DEFAULT CHARSET=utf8mb4 COLLATE=utf8mb4_unicode_ci;

LOCK TABLES `regions` WRITE;
/*!40000 ALTER TABLE `regions` DISABLE KEYS */;

INSERT INTO `regions` (`id`, `name`, `active`, `created_at`, `updated_at`)
VALUES
	(1,'NORTH LUZON',1,'2018-02-20 14:44:42','2018-02-20 14:44:42'),
	(2,'SOUTH LUZON',1,'2018-02-20 14:44:42','2018-02-20 14:44:42'),
	(3,'NGMA',1,'2018-02-20 14:44:42','2018-02-20 14:44:42'),
	(4,'SGMA',1,'2018-02-20 14:44:42','2018-02-20 14:44:42'),
	(5,'VISAYAS',1,'2018-02-20 14:44:42','2018-02-20 14:44:42'),
	(6,'MINDANAO',1,'2018-02-20 14:44:42','2018-02-20 14:44:42');

/*!40000 ALTER TABLE `regions` ENABLE KEYS */;
UNLOCK TABLES;


# Dump of table roles
# ------------------------------------------------------------

DROP TABLE IF EXISTS `roles`;

CREATE TABLE `roles` (
  `id` int(10) unsigned NOT NULL AUTO_INCREMENT,
  `type` varchar(255) COLLATE utf8mb4_unicode_ci NOT NULL,
  `active` tinyint(4) NOT NULL DEFAULT 1,
  `created_at` timestamp NULL DEFAULT NULL,
  `updated_at` timestamp NULL DEFAULT NULL,
  PRIMARY KEY (`id`)
) ENGINE=InnoDB DEFAULT CHARSET=utf8mb4 COLLATE=utf8mb4_unicode_ci;

LOCK TABLES `roles` WRITE;
/*!40000 ALTER TABLE `roles` DISABLE KEYS */;

INSERT INTO `roles` (`id`, `type`, `active`, `created_at`, `updated_at`)
VALUES
	(1,'Admin',1,'2018-02-11 15:42:25','2018-02-11 15:42:25'),
	(2,'Staff',1,'2018-02-11 15:42:25','2018-02-11 15:42:25');

/*!40000 ALTER TABLE `roles` ENABLE KEYS */;
UNLOCK TABLES;


# Dump of table sales
# ------------------------------------------------------------

DROP TABLE IF EXISTS `sales`;

CREATE TABLE `sales` (
  `id` int(10) unsigned NOT NULL AUTO_INCREMENT,
  `creator_id` int(11) DEFAULT NULL,
  `dealer_menu` int(11) DEFAULT NULL,
  `region` int(11) DEFAULT NULL,
  `model` int(11) DEFAULT NULL,
  `color` int(11) DEFAULT NULL,
  `qty` int(11) DEFAULT NULL,
  `down_payment` decimal(10,2) DEFAULT NULL,
  `week` int(11) NOT NULL,
  `date` date NOT NULL,
  `created_at` timestamp NULL DEFAULT NULL,
  `updated_at` timestamp NULL DEFAULT NULL,
  PRIMARY KEY (`id`)
) ENGINE=InnoDB DEFAULT CHARSET=utf8mb4 COLLATE=utf8mb4_unicode_ci;

LOCK TABLES `sales` WRITE;
/*!40000 ALTER TABLE `sales` DISABLE KEYS */;

INSERT INTO `sales` (`id`, `creator_id`, `dealer_menu`, `region`, `model`, `color`, `qty`, `down_payment`, `week`, `date`, `created_at`, `updated_at`)
VALUES
	(1,1,1,1,1,4,10,236.00,1,'1993-03-20','2018-02-22 05:37:32','2018-02-22 05:37:32'),
	(2,1,3,4,6,6,238,5688.00,4,'2008-12-12','2018-02-22 05:49:53','2018-02-22 05:49:53'),
	(3,1,4,4,6,6,25,53.00,5,'2007-08-31','2018-02-22 05:51:44','2018-02-22 05:51:44'),
	(4,1,1,3,13,5,52,588.00,5,'1900-05-23','2018-02-22 05:54:48','2018-02-22 05:54:48'),
	(5,1,3,3,6,6,8,255.00,5,'2018-08-12','2018-02-22 05:56:36','2018-02-22 05:56:36'),
	(6,1,3,3,6,7,55,588.00,6,'2100-12-22','2018-02-22 06:02:50','2018-02-22 06:02:50'),
	(7,1,4,3,6,6,888,55.00,5,'2100-12-31','2018-02-22 06:03:29','2018-02-22 06:03:29'),
	(8,1,3,3,6,6,888,999.00,7,'2100-12-31','2018-02-22 06:06:07','2018-02-22 06:06:07'),
	(9,1,3,2,4,3,555,555.00,3,'2100-12-31','2018-02-23 07:25:53','2018-02-23 07:25:53'),
	(10,1,4,6,3,4,555,666.00,6,'2100-12-31','2018-02-23 07:29:11','2018-02-23 07:29:11'),
	(11,1,3,4,8,4,22,555.00,6,'2100-12-22','2018-02-23 07:30:08','2018-02-23 07:30:08'),
	(12,4,30,5,21,1,13,13341.00,8,'2018-02-23','2018-02-24 05:29:05','2018-02-24 05:29:05'),
	(13,4,30,5,21,3,12,13341.00,8,'2018-02-23','2018-02-24 05:29:51','2018-02-24 05:29:51'),
	(14,2,118,2,21,7,3,13341.00,8,'2018-02-23','2018-02-24 06:38:39','2018-02-24 06:38:39'),
	(15,2,118,2,21,3,3,13341.00,8,'2018-02-23','2018-02-24 06:39:26','2018-02-24 06:39:26'),
	(16,2,42,4,21,7,100,13341.00,8,'2018-02-23','2018-02-24 07:02:29','2018-02-24 07:02:29'),
	(17,1,3,3,6,5,8,25.00,5,'1963-07-31','2018-03-04 04:54:53','2018-03-04 04:54:53'),
	(18,1,2,3,5,3,8,23.00,5,'2100-08-31','2018-03-04 04:56:42','2018-03-04 04:56:42'),
	(19,1,4,3,5,5,5,8.00,6,'2100-12-22','2018-03-04 04:59:24','2018-03-04 04:59:24'),
	(20,1,4,4,6,6,5,8.00,5,'2018-03-20','2018-03-04 05:05:25','2018-03-04 05:05:25'),
	(21,1,2,4,5,6,88,5.00,6,'2018-03-03','2018-03-04 05:06:22','2018-03-04 05:06:22');

/*!40000 ALTER TABLE `sales` ENABLE KEYS */;
UNLOCK TABLES;


# Dump of table store_visibilities
# ------------------------------------------------------------

DROP TABLE IF EXISTS `store_visibilities`;

CREATE TABLE `store_visibilities` (
  `id` int(10) unsigned NOT NULL AUTO_INCREMENT,
  `store_id` int(11) NOT NULL,
  `description` varchar(255) COLLATE utf8mb4_unicode_ci NOT NULL,
  `created_at` timestamp NULL DEFAULT NULL,
  `updated_at` timestamp NULL DEFAULT NULL,
  PRIMARY KEY (`id`)
) ENGINE=InnoDB DEFAULT CHARSET=utf8mb4 COLLATE=utf8mb4_unicode_ci;

LOCK TABLES `store_visibilities` WRITE;
/*!40000 ALTER TABLE `store_visibilities` DISABLE KEYS */;

INSERT INTO `store_visibilities` (`id`, `store_id`, `description`, `created_at`, `updated_at`)
VALUES
	(1,1,'Window Sticker Right','2018-02-12 23:00:17',NULL),
	(2,1,'Huawei SIS','2018-02-12 23:00:17',NULL),
	(3,2,'Nova2i LDU','2018-02-12 23:00:17',NULL),
	(4,3,'Window Cabinet, Replace, Samsung Right','2018-02-12 23:00:17',NULL),
	(5,3,'Window Sticker, Front Top Right','2018-02-12 23:00:17',NULL),
	(6,3,'Window Cabinet, Replace Oppo, Left','2018-02-12 23:00:17',NULL),
	(7,3,'Window Sticker, Front Top Left','2018-02-12 23:00:17',NULL),
	(8,4,'Window Sticker, Top Right','2018-02-12 23:00:17',NULL),
	(9,4,'Window Sticker, Top Left','2018-02-12 23:00:17',NULL),
	(10,5,'Window Sticker, Left','2018-02-12 23:00:17',NULL),
	(11,5,'Experience Table, Center','2018-02-12 23:00:17',NULL),
	(12,5,'Window Sticker, Right','2018-02-12 23:00:17',NULL),
	(13,6,'Counter Sticker or Sintra','2018-02-12 23:00:17',NULL),
	(14,7,'Experiential Table Center','2018-02-12 23:00:17',NULL),
	(15,7,'Window Sticker Right','2018-02-12 23:00:17',NULL),
	(16,7,'Window Sticker Left','2018-02-12 23:00:17',NULL),
	(17,8,'Experiential Table Center','2018-02-12 23:00:17',NULL),
	(18,9,'Experiential Table Center','2018-02-12 23:00:17',NULL),
	(19,10,'Tower Rack or Glass Showcase','2018-02-12 23:00:17',NULL),
	(20,11,'Official Huawei Kiosk','2018-02-12 23:00:17',NULL),
	(21,12,'Huawei Signage','2018-02-12 23:00:17',NULL),
	(22,12,'Huawei Sticker','2018-02-12 23:00:17',NULL),
	(23,12,'Lighted Signage','2018-02-12 23:00:17',NULL),
	(24,12,'Huawei Sticker','2018-02-12 23:00:17',NULL),
	(25,12,'Huawei Logo Sintra Board','2018-02-12 23:00:17',NULL),
	(26,13,'Counter Top Branding','2018-02-12 23:00:17',NULL),
	(27,14,'LDU','2018-02-12 23:00:17',NULL),
	(28,14,'1.2M Lighted Box SIS','2018-02-12 23:00:17',NULL),
	(29,14,'Demo Table','2018-02-12 23:00:17',NULL),
	(30,15,'Demo Table and LDU','2018-02-12 23:00:17',NULL),
	(31,16,'DEMO Table','2018-02-12 23:00:17',NULL),
	(32,16,'Cabinet','2018-02-12 23:00:17',NULL),
	(33,17,'Window Sticker Right','2018-02-12 23:00:17',NULL),
	(34,17,'Experience Table Right','2018-02-12 23:00:17',NULL),
	(35,18,'LDU, Hanging lighted Signage','2018-02-12 23:00:17',NULL),
	(36,1,'Window Sticker Right','2018-02-14 11:57:13',NULL),
	(37,1,'Huawei SIS','2018-02-14 11:57:13',NULL),
	(38,2,'Nova2i LDU','2018-02-14 11:57:13',NULL),
	(39,3,'Window Cabinet, Replace, Samsung Right','2018-02-14 11:57:13',NULL),
	(40,3,'Window Sticker, Front Top Right','2018-02-14 11:57:13',NULL),
	(41,3,'Window Cabinet, Replace Oppo, Left','2018-02-14 11:57:13',NULL),
	(42,3,'Window Sticker, Front Top Left','2018-02-14 11:57:13',NULL),
	(43,4,'Window Sticker, Top Right','2018-02-14 11:57:13',NULL),
	(44,4,'Window Sticker, Top Left','2018-02-14 11:57:13',NULL),
	(45,5,'Window Sticker, Left','2018-02-14 11:57:13',NULL),
	(46,5,'Experience Table, Center','2018-02-14 11:57:13',NULL),
	(47,5,'Window Sticker, Right','2018-02-14 11:57:13',NULL),
	(48,6,'Counter Sticker or Sintra','2018-02-14 11:57:13',NULL),
	(49,7,'Experiential Table Center','2018-02-14 11:57:13',NULL),
	(50,7,'Window Sticker Right','2018-02-14 11:57:13',NULL),
	(51,7,'Window Sticker Left','2018-02-14 11:57:13',NULL),
	(52,8,'Experiential Table Center','2018-02-14 11:57:13',NULL),
	(53,9,'Experiential Table Center','2018-02-14 11:57:13',NULL),
	(54,10,'Tower Rack or Glass Showcase','2018-02-14 11:57:13',NULL),
	(55,11,'Official Huawei Kiosk','2018-02-14 11:57:13',NULL),
	(56,12,'Huawei Signage','2018-02-14 11:57:13',NULL),
	(57,12,'Huawei Sticker','2018-02-14 11:57:13',NULL),
	(58,12,'Lighted Signage','2018-02-14 11:57:13',NULL),
	(59,12,'Huawei Sticker','2018-02-14 11:57:13',NULL),
	(60,12,'Huawei Logo Sintra Board','2018-02-14 11:57:13',NULL),
	(61,13,'Counter Top Branding','2018-02-14 11:57:13',NULL),
	(62,14,'LDU','2018-02-14 11:57:13',NULL),
	(63,14,'1.2M Lighted Box SIS','2018-02-14 11:57:13',NULL),
	(64,14,'Demo Table','2018-02-14 11:57:13',NULL),
	(65,15,'Demo Table and LDU','2018-02-14 11:57:13',NULL),
	(66,16,'DEMO Table','2018-02-14 11:57:13',NULL),
	(67,16,'Cabinet','2018-02-14 11:57:13',NULL),
	(68,17,'Window Sticker Right','2018-02-14 11:57:13',NULL),
	(69,17,'Experience Table Right','2018-02-14 11:57:13',NULL),
	(70,18,'LDU, Hanging lighted Signage','2018-02-14 11:57:13',NULL),
	(71,20,'asdasda',NULL,NULL),
	(72,20,'sdfsdfsdf',NULL,NULL);

/*!40000 ALTER TABLE `store_visibilities` ENABLE KEYS */;
UNLOCK TABLES;


# Dump of table stores
# ------------------------------------------------------------

DROP TABLE IF EXISTS `stores`;

CREATE TABLE `stores` (
  `id` int(10) unsigned NOT NULL AUTO_INCREMENT,
  `creator_id` int(11) DEFAULT NULL,
  `name` varchar(255) COLLATE utf8mb4_unicode_ci DEFAULT NULL,
  `promoter` varchar(255) COLLATE utf8mb4_unicode_ci DEFAULT NULL,
  `brand_name` varchar(255) COLLATE utf8mb4_unicode_ci DEFAULT NULL,
  `dealer_name` varchar(255) COLLATE utf8mb4_unicode_ci DEFAULT NULL,
  `mall_name` varchar(255) COLLATE utf8mb4_unicode_ci DEFAULT NULL,
  `region` varchar(255) COLLATE utf8mb4_unicode_ci DEFAULT NULL,
  `image` varchar(255) COLLATE utf8mb4_unicode_ci DEFAULT NULL,
  `branch_address` varchar(255) COLLATE utf8mb4_unicode_ci DEFAULT NULL,
  `branch_contact_no` varchar(255) COLLATE utf8mb4_unicode_ci DEFAULT NULL,
  `branch_email` varchar(255) COLLATE utf8mb4_unicode_ci DEFAULT NULL,
  `weekly_sales_amount` decimal(10,2) DEFAULT NULL,
  `weekly_sales_qty` int(11) DEFAULT NULL,
  `existing_vd` varchar(255) COLLATE utf8mb4_unicode_ci DEFAULT NULL,
  `recent_dut` varchar(255) COLLATE utf8mb4_unicode_ci DEFAULT NULL,
  `recent_dum` varchar(255) COLLATE utf8mb4_unicode_ci DEFAULT NULL,
  `product_mix` varchar(255) COLLATE utf8mb4_unicode_ci DEFAULT NULL,
  `created_at` timestamp NULL DEFAULT NULL,
  `updated_at` timestamp NULL DEFAULT NULL,
  `active` tinyint(4) NOT NULL DEFAULT 1,
  PRIMARY KEY (`id`)
) ENGINE=InnoDB DEFAULT CHARSET=utf8mb4 COLLATE=utf8mb4_unicode_ci;

LOCK TABLES `stores` WRITE;
/*!40000 ALTER TABLE `stores` DISABLE KEYS */;

INSERT INTO `stores` (`id`, `creator_id`, `name`, `promoter`, `brand_name`, `dealer_name`, `mall_name`, `region`, `image`, `branch_address`, `branch_contact_no`, `branch_email`, `weekly_sales_amount`, `weekly_sales_qty`, `existing_vd`, `recent_dut`, `recent_dum`, `product_mix`, `created_at`, `updated_at`, `active`)
VALUES
	(1,1,'ADI GADGET WORLD',NULL,NULL,'ADI Gadget World','SM Cubao',NULL,NULL,'SM City Cubao Araneta Center Cubao Quezon City','7092554','amizhidhamad@yahoo.com',180000.00,20,'Common Window Display, Common Counter Display, Experience Table','October 2017','Nova 2i','P10, Nova 2i, Y7 Prime, Y5 2017, T3','2018-01-18 03:10:03',NULL,1),
	(2,1,'Hawei Kiosk',NULL,NULL,'Island Mobile Trading','Xentro Mall Calapan',NULL,NULL,'Roxas Drive 2nd Floor, Xentro Mall, Calapan Oriental Mindoro','09171344281','bmatienza12@gmail.com',349030.00,27,'Module, DemoTable, LDUs, Lighted Signage, Lifesize Standee','December 2017','Nova2i, Y7prime, T3,','T3,P10, Nova2i, Y7prime, Y52017','2018-01-18 02:30:33',NULL,1),
	(3,1,'Comworks',NULL,NULL,'Comworks','SM Sta. Rosa',NULL,NULL,'Manila South Road, Sta Rosa','09177089868','sra.dmeg@outlook.com',1500000.00,1200,'Experience Zone','Dec 2017','Nova 2i','Nova, Y Series, Tablet','2018-01-14 04:16:02',NULL,1),
	(4,1,'TECHBOX',NULL,NULL,'TECHBOX','SM Sta. Rosa',NULL,NULL,'Manila South Road, Sta. Rosa Laguna','09177097226','mgf.dmeg@gmail.com',1000000.00,800,'SIS','October 2017','Nova 2i','Y, Tablet, Nova','2018-01-14 04:28:14',NULL,1),
	(5,1,'SILICON VALLEY',NULL,NULL,'SILICON VALLEY','SM Sta. Rosa',NULL,NULL,'Manila South Road, Sta. Rosa','09177097143','eeb.dmeg@outlook.com',1000000.00,100,'Dummy Phones','January 2018','Nova 2i','Y, Tablet, Nova','2018-01-14 12:30:29',NULL,1),
	(6,1,'INFONEC',NULL,NULL,'Infonec Cellphone and Accessories Inc.','SM Novaliches',NULL,NULL,'2nd Floor Unit 250 SM City Novaliches Quirino Hi-Way San Bartolome Quezon City','4424487','rgv.dmeg@outlook.com',90000.00,10,'Common Window Display','September 2017','Nova 2i','Nova 2i, Y5 2017, T3, Y7 Prime','2018-01-16 11:09:38',NULL,1),
	(7,1,'VIEWFONE',NULL,NULL,'Infonec Cellphone and Accessories Inc.','SM Novaliches',NULL,NULL,'2nd Floor SM City Novaliches Quirino Hi-Way San Bartolome Quezon City','4030070','rgv.dmeg@iutlook.com',10000.00,2,'Common Counter Display','September 2017','Nova 2i','Y5 2017, T3, Nova 2i','2018-01-16 11:33:39',NULL,1),
	(8,1,'RULLS',NULL,NULL,'RULLS','SM Congressional',NULL,NULL,'2nd floor Sm Cherry Congressional Quezon City','09165188478','rgv.deg@outlook.com',15000.00,2,'1.2 Lighted Box Signage','October 2017','Nova 2i','Y5 2017, T3, Nova 2i','2018-01-16 11:57:44',NULL,1),
	(9,1,'AUDIONET',NULL,NULL,'RULLS','SM Congressional',NULL,NULL,'2nd floor Sm Cherry Congressional Quezon City','09750093927','rgv.dmeg@outlook.com',9000.00,1,'1.2 Lighted Box Signage','October 2017','Nova 2i','Nova 2i, Y5 2017, T3','2018-01-16 12:48:21',NULL,1),
	(10,1,'Green County',NULL,NULL,'Green County Msdg','HC Building',NULL,NULL,'Bagumbayan Roxas Oriental Mindoro','09175696581','greencountymsdg28@gmail.com',167321.00,36,'Common Wall Display','October 18,2017','Y7Prime','Samsung, Nokia, Oppo, Vivo, Huawei, Playground','2018-01-17 03:39:58',NULL,1),
	(11,1,'Huawei Kiosk',NULL,NULL,'Siena Mobile','Riverbanks',NULL,NULL,'A. Bonifacio Ave. Riverbanks Mall','09178613444','sienamobileriverbanks@gmail.com',200000.00,15,'Huawei Closed counter','non','Huawei','Huawei','2018-01-17 04:09:24',NULL,1),
	(12,1,'Siena Mobile',NULL,NULL,'Siena Mobile World Corp.','Riverbanks Mall',NULL,NULL,'A. Bonifacio Riverbanks Mall','09178691344','sienamobileriverbanks@gmail.com',0.00,0,'NON','NON','NON','Vivo, Oppo, Samsung, My Phone','2018-01-17 04:15:58',NULL,1),
	(13,1,'Mobil Matters Kiosk',NULL,NULL,'Mobil Matters Inc.','Riverbanks Mall',NULL,NULL,'A. Bonifacio Ave. Riverbanks Mall','09065775251','mobilematters.riverbanksmall@gmail.com',250000.00,30,'NON','NON','Y5 2017','Samsung, Vivo, Nokia, Oppo, Asus, My Phone','2018-01-17 04:21:07',NULL,1),
	(14,1,'Intellicom',NULL,NULL,'Intellicom Trading','Riverbanks Mall',NULL,NULL,'A. Bonifacio Ave Riverbanks Mall','7062475','non',350000.00,35,'OLD Huawei Wall Cabinet','1 Year Ago','NON','Vivo, Oppo, Nokia, Asus, Huawei, Samsung, Iphone','2018-01-17 04:41:11',NULL,1),
	(15,1,'Tablet City',NULL,NULL,'Hongbe Trading Inc.','SM Sta Mesa',NULL,NULL,'Cyberzone SM City Sta Mesa Dona Imelda','5216649','tabletcitystamesa@gmail.com',700000.00,100,'1.2M Lighted Image SIS','3 months ago','Nova 2i','Y, T, M, P, N','2018-01-17 05:59:32',NULL,1),
	(16,1,'Bryan Cellphone Accesories and Repair',NULL,NULL,'Bryan Cellphone Accessorie and Repair','Pinamalayan Public Market',NULL,NULL,'Mabini St., Pinamalayan Public Market Oriental Mindoro','09272789363','bryandaphayahoo.com',350000.00,50,'SIS, Signage, Glass showcase','December 2017','Nova2i','T3, Y5217, Y7prime, Nova2i','2018-01-17 07:14:59',NULL,1),
	(17,1,'FLASHER TELECOM',NULL,NULL,'Flasher Next Gen. Tech Corp.','SM Fairview',NULL,NULL,'4th Floor Sm City Fairview Cor. Regalado Ave. Quirinon Hi-Way Quezon City','09954527947','flasher2016.smfairview@gmail.com',500000.00,70,'Huawei Closed Counter Display','November 2017','Nova 2i','Y5 2017, Y7 Prime, Nova 2i','2018-01-17 08:13:15',NULL,1),
	(18,1,'NCE Computer Center',NULL,NULL,'Island Mobile Trading','Xentro Mall Calapan',NULL,NULL,'Roxas Drive, 2nd floor Xentro Mall, Calapan Oriental Mindoro','09171344281','bmatienza@za12@gmail.com',1500000.00,500,'Demo Table','November 15,2017','Nova2i, T3, Y7prime','Y52017, T3, Y7prime, Nova2i, P10, T2','2018-01-17 11:00:37',NULL,1),
	(19,1,'Gentext Clark',NULL,NULL,'Gentext','SM Clark',NULL,NULL,'2ndF SM Clark, Clark freeport, Pampanga','09264590223','jgmarin.sp4844@gmail.com',60000.00,5,'Wall Cabinet 3.0','4 months','Nova 2i','Nova 2i, Tablets, Y5 2017','2018-01-18 05:59:36',NULL,1),
	(20,1,'Ayi','fsdf','sfdfs','12312','asvdasd','avsdasd','42182320_328875304540321_5169242016910934016_n.jpg','sdasd','aasdvasd','asdvasd@gmail.com',1000.00,12,'string','string','string','string','2018-09-30 08:55:55','2018-09-30 08:55:55',1);

/*!40000 ALTER TABLE `stores` ENABLE KEYS */;
UNLOCK TABLES;


# Dump of table users
# ------------------------------------------------------------

DROP TABLE IF EXISTS `users`;

CREATE TABLE `users` (
  `id` int(10) unsigned NOT NULL AUTO_INCREMENT,
  `name` varchar(255) COLLATE utf8mb4_unicode_ci NOT NULL,
  `email` varchar(255) COLLATE utf8mb4_unicode_ci NOT NULL,
  `password` varchar(255) COLLATE utf8mb4_unicode_ci NOT NULL,
  `role_id` int(11) NOT NULL,
  `remember_token` varchar(100) COLLATE utf8mb4_unicode_ci DEFAULT NULL,
  `created_at` timestamp NULL DEFAULT NULL,
  `updated_at` timestamp NULL DEFAULT NULL,
  `last_login` datetime DEFAULT NULL,
  `active` tinyint(4) NOT NULL DEFAULT 1,
  PRIMARY KEY (`id`),
  UNIQUE KEY `users_email_unique` (`email`)
) ENGINE=InnoDB DEFAULT CHARSET=utf8mb4 COLLATE=utf8mb4_unicode_ci;

LOCK TABLES `users` WRITE;
/*!40000 ALTER TABLE `users` DISABLE KEYS */;

INSERT INTO `users` (`id`, `name`, `email`, `password`, `role_id`, `remember_token`, `created_at`, `updated_at`, `last_login`, `active`)
VALUES
	(1,'Super Admin','admin2314@gmail.com','$2y$10$SlI1s9wd5/Mt6JIsEM4Lc.SNnk12kQHNVOg8dTCoJX6uiUaKxuV3.',1,'knAZJ4bNcFLE5YJSAVauz6wx0q83QPpQSspztX2RNg4nVl0ljS1PYxkhP1GP','2018-02-11 15:42:25','2018-10-14 14:47:49','2018-10-14 14:47:49',1),
	(2,'Super Admin 2','tad','$2y$10$gJhyzDgB9CwNvJfuvkM28OqD89ROf2uF9z3MKFFDQOLmOnKKkpmQC',1,NULL,'2018-02-12 14:19:55','2018-02-12 14:19:55',NULL,1),
	(3,'Emie Rose','emierose@gmail.com','$2y$10$StW9vkdHpOonhlr8ShP44uITRPMagp1LNcya.tszthfI4RS42z1YK',2,NULL,'2018-09-30 09:32:27','2018-09-30 09:32:27',NULL,1),
	(4,'Emie Rose','emierosse@gmail.com','$2y$10$Z2QlW67ghrAPCMXZLo5ZU.04NA9ahLcFtVJEdnqgP0Ht46N.LY/Sa',2,NULL,'2018-09-30 09:35:13','2018-09-30 09:58:57',NULL,0),
	(5,'Emie Rose','ememem@gmail.com','$2y$10$kT1P0CiinCtE1HxYXjv4.ODSPp2F0p89PUNcZTEbk.LKqqYuiroGu',2,NULL,'2018-09-30 09:38:38','2018-09-30 09:38:38',NULL,1);

/*!40000 ALTER TABLE `users` ENABLE KEYS */;
UNLOCK TABLES;


# Dump of table weeks
# ------------------------------------------------------------

DROP TABLE IF EXISTS `weeks`;

CREATE TABLE `weeks` (
  `id` int(10) unsigned NOT NULL AUTO_INCREMENT,
  `name` varchar(255) COLLATE utf8mb4_unicode_ci NOT NULL,
  `active` tinyint(4) NOT NULL DEFAULT 1,
  `created_at` timestamp NULL DEFAULT NULL,
  `updated_at` timestamp NULL DEFAULT NULL,
  PRIMARY KEY (`id`)
) ENGINE=InnoDB DEFAULT CHARSET=utf8mb4 COLLATE=utf8mb4_unicode_ci;

LOCK TABLES `weeks` WRITE;
/*!40000 ALTER TABLE `weeks` DISABLE KEYS */;

INSERT INTO `weeks` (`id`, `name`, `active`, `created_at`, `updated_at`)
VALUES
	(1,'WK1',1,'2018-02-20 14:44:42','2018-02-20 14:44:42'),
	(2,'WK2',1,'2018-02-20 14:44:42','2018-02-20 14:44:42'),
	(3,'WK3',1,'2018-02-20 14:44:42','2018-02-20 14:44:42'),
	(4,'WK4',1,'2018-02-20 14:44:42','2018-02-20 14:44:42'),
	(5,'WK5',1,'2018-02-20 14:44:42','2018-02-20 14:44:42'),
	(6,'WK6',1,'2018-02-20 14:44:42','2018-02-20 14:44:42'),
	(7,'WK7',1,'2018-02-20 14:44:42','2018-02-20 14:44:42'),
	(8,'WK8',1,'2018-02-20 14:44:42','2018-02-20 14:44:42'),
	(9,'WK9',1,'2018-02-20 14:44:42','2018-02-20 14:44:42'),
	(10,'WK10',1,'2018-02-20 14:44:42','2018-02-20 14:44:42'),
	(11,'WK11',1,'2018-02-20 14:44:42','2018-02-20 14:44:42'),
	(12,'WK12',1,'2018-02-20 14:44:42','2018-02-20 14:44:42'),
	(13,'WK13',1,'2018-02-20 14:44:42','2018-02-20 14:44:42'),
	(14,'WK14',1,'2018-02-20 14:44:42','2018-02-20 14:44:42'),
	(15,'WK15',1,'2018-02-20 14:44:42','2018-02-20 14:44:42'),
	(16,'WK16',1,'2018-02-20 14:44:42','2018-02-20 14:44:42'),
	(17,'WK17',1,'2018-02-20 14:44:42','2018-02-20 14:44:42'),
	(18,'WK18',1,'2018-02-20 14:44:42','2018-02-20 14:44:42'),
	(19,'WK19',1,'2018-02-20 14:44:42','2018-02-20 14:44:42'),
	(20,'WK20',1,'2018-02-20 14:44:42','2018-02-20 14:44:42'),
	(21,'WK21',1,'2018-02-20 14:44:42','2018-02-20 14:44:42'),
	(22,'WK22',1,'2018-02-20 14:44:42','2018-02-20 14:44:42'),
	(23,'WK23',1,'2018-02-20 14:44:42','2018-02-20 14:44:42'),
	(24,'WK24',1,'2018-02-20 14:44:42','2018-02-20 14:44:42'),
	(25,'WK25',1,'2018-02-20 14:44:42','2018-02-20 14:44:42'),
	(26,'WK26',1,'2018-02-20 14:44:42','2018-02-20 14:44:42'),
	(27,'WK27',1,'2018-02-20 14:44:42','2018-02-20 14:44:42'),
	(28,'WK28',1,'2018-02-20 14:44:42','2018-02-20 14:44:42'),
	(29,'WK29',1,'2018-02-20 14:44:42','2018-02-20 14:44:42'),
	(30,'WK30',1,'2018-02-20 14:44:42','2018-02-20 14:44:42'),
	(31,'WK31',1,'2018-02-20 14:44:42','2018-02-20 14:44:42'),
	(32,'WK32',1,'2018-02-20 14:44:42','2018-02-20 14:44:42'),
	(33,'WK33',1,'2018-02-20 14:44:42','2018-02-20 14:44:42'),
	(34,'WK34',1,'2018-02-20 14:44:42','2018-02-20 14:44:42'),
	(35,'WK35',1,'2018-02-20 14:44:42','2018-02-20 14:44:42'),
	(36,'WK36',1,'2018-02-20 14:44:42','2018-02-20 14:44:42'),
	(37,'WK37',1,'2018-02-20 14:44:42','2018-02-20 14:44:42'),
	(38,'WK38',1,'2018-02-20 14:44:42','2018-02-20 14:44:42'),
	(39,'WK39',1,'2018-02-20 14:44:42','2018-02-20 14:44:42'),
	(40,'WK40',1,'2018-02-20 14:44:42','2018-02-20 14:44:42'),
	(41,'WK41',1,'2018-02-20 14:44:42','2018-02-20 14:44:42'),
	(42,'WK42',1,'2018-02-20 14:44:42','2018-02-20 14:44:42'),
	(43,'WK43',1,'2018-02-20 14:44:42','2018-02-20 14:44:42'),
	(44,'WK44',1,'2018-02-20 14:44:42','2018-02-20 14:44:42'),
	(45,'WK45',1,'2018-02-20 14:44:42','2018-02-20 14:44:42'),
	(46,'WK46',1,'2018-02-20 14:44:42','2018-02-20 14:44:42'),
	(47,'WK47',1,'2018-02-20 14:44:42','2018-02-20 14:44:42'),
	(48,'WK48',1,'2018-02-20 14:44:42','2018-02-20 14:44:42'),
	(49,'WK49',1,'2018-02-20 14:44:42','2018-02-20 14:44:42'),
	(50,'WK50',1,'2018-02-20 14:44:42','2018-02-20 14:44:42'),
	(51,'WK51',1,'2018-02-20 14:44:42','2018-02-20 14:44:42'),
	(52,'WK52',1,'2018-02-20 14:44:42','2018-02-20 14:44:42');

/*!40000 ALTER TABLE `weeks` ENABLE KEYS */;
UNLOCK TABLES;



/*!40111 SET SQL_NOTES=@OLD_SQL_NOTES */;
/*!40101 SET SQL_MODE=@OLD_SQL_MODE */;
/*!40014 SET FOREIGN_KEY_CHECKS=@OLD_FOREIGN_KEY_CHECKS */;
/*!40101 SET CHARACTER_SET_CLIENT=@OLD_CHARACTER_SET_CLIENT */;
/*!40101 SET CHARACTER_SET_RESULTS=@OLD_CHARACTER_SET_RESULTS */;
/*!40101 SET COLLATION_CONNECTION=@OLD_COLLATION_CONNECTION */;
